replication,mode,experience_signal,next_probability_same_route,repeat_same_route,n_events
0,AI-first,Better than expected,0.4219762345359492,0.41928632115548004,4708
0,AI-first,Near expectation,0.4012573530485802,0.3864734299516908,1242
0,AI-first,Worse than expected,0.3810461491230905,0.37325,4000
0,Hybrid,Better than expected,0.2902361261551293,0.2894017613118737,3293
0,Hybrid,Near expectation,0.26587009142251955,0.2452153110047847,836
0,Hybrid,Worse than expected,0.2577170160927033,0.24880382775119617,2717
0,Peer-first,Better than expected,0.4053615459900755,0.39499455930359084,4595
0,Peer-first,Near expectation,0.39376364854799367,0.3944223107569721,1255
0,Peer-first,Worse than expected,0.3689898857330537,0.3689040377556371,3814
1,AI-first,Better than expected,0.408020229993018,0.4196251378169791,4535
1,AI-first,Near expectation,0.37899716806144546,0.3728668941979522,1172
1,AI-first,Worse than expected,0.368644744906533,0.36356425171866735,3782
1,Hybrid,Better than expected,0.29175569761057957,0.29927007299270075,3288
1,Hybrid,Near expectation,0.27478554566028246,0.2898203592814371,835
1,Hybrid,Worse than expected,0.26538595916813795,0.27168073676132004,2606
1,Peer-first,Better than expected,0.4350211762286855,0.4436762911752745,4918
1,Peer-first,Near expectation,0.41239476300390343,0.4254016832440704,1307
1,Peer-first,Worse than expected,0.38956447577681635,0.3781428927059995,4017
2,AI-first,Better than expected,0.42775092705651063,0.4338939748775814,4697
2,AI-first,Near expectation,0.4053950153045553,0.4080645161290323,1240
2,AI-first,Worse than expected,0.38542620601198374,0.3844311377245509,4175
2,Hybrid,Better than expected,0.2930089440780915,0.29845572013867006,3173
2,Hybrid,Near expectation,0.2736998419748448,0.2827586206896552,870
2,Hybrid,Worse than expected,0.2631133170294762,0.2701715954728003,2739
2,Peer-first,Better than expected,0.40783213856860456,0.4150651645681467,4527
2,Peer-first,Near expectation,0.3884538171673705,0.367595818815331,1148
2,Peer-first,Worse than expected,0.36571530027303667,0.3600616808018504,3891
3,AI-first,Better than expected,0.41448650668284337,0.4082035534108357,4559
3,AI-first,Near expectation,0.38969855692035366,0.3784829721362229,1292
3,AI-first,Worse than expected,0.37348354056542443,0.3724190670405302,3923
3,Hybrid,Better than expected,0.2888617512968568,0.28403100775193796,3225
3,Hybrid,Near expectation,0.2724870444768335,0.2629674306393245,829
3,Hybrid,Worse than expected,0.2574233678834234,0.2687642153146323,2638
3,Peer-first,Better than expected,0.4126162849817215,0.4117030201342282,4768
3,Peer-first,Near expectation,0.3941532116749476,0.39314194577352474,1254
3,Peer-first,Worse than expected,0.3794979804850454,0.38796576032225577,3972
4,AI-first,Better than expected,0.41209512192611847,0.4110915492957746,4544
4,AI-first,Near expectation,0.39317591859716067,0.41596638655462187,1190
4,AI-first,Worse than expected,0.3735751243321591,0.3700884086444008,4072
4,Hybrid,Better than expected,0.28989333169441134,0.2976567447751742,3158
4,Hybrid,Near expectation,0.2717310675633035,0.2553191489361702,846
4,Hybrid,Worse than expected,0.25757845094374476,0.26490825688073394,2616
4,Peer-first,Better than expected,0.4274347480378114,0.4298812252552615,4799
4,Peer-first,Near expectation,0.40214773031920714,0.3857740585774059,1195
4,Peer-first,Worse than expected,0.38329204817390333,0.37896039603960396,4040
5,AI-first,Better than expected,0.4150857360462771,0.4103804706399824,4547
5,AI-first,Near expectation,0.3862848555110194,0.38545150501672243,1196
5,AI-first,Worse than expected,0.37880583925862044,0.3896006028636021,3981
5,Hybrid,Better than expected,0.2894640994212696,0.3034017775053632,3263
5,Hybrid,Near expectation,0.2717871620814411,0.2779874213836478,795
5,Hybrid,Worse than expected,0.2583150993879119,0.24851632047477745,2696
5,Peer-first,Better than expected,0.4198548109045817,0.4263402279442803,4738
5,Peer-first,Near expectation,0.4038825259345155,0.4276827371695179,1286
5,Peer-first,Worse than expected,0.38222680792114005,0.38100050530570995,3958
6,AI-first,Better than expected,0.4159844143072409,0.4004319654427646,4630
6,AI-first,Near expectation,0.3949659073941175,0.4034229828850856,1227
6,AI-first,Worse than expected,0.3743260060001926,0.38097647356438147,3953
6,Hybrid,Better than expected,0.2920400531967537,0.3005728067530901,3317
6,Hybrid,Near expectation,0.27373534950932804,0.2755344418052256,842
6,Hybrid,Worse than expected,0.2614871402910636,0.2707554225878833,2674
6,Peer-first,Better than expected,0.4155185549183224,0.41798941798941797,4725
6,Peer-first,Near expectation,0.3958040285441648,0.391304347826087,1196
6,Peer-first,Worse than expected,0.37278056365928336,0.37448665297741274,3896
7,AI-first,Better than expected,0.41199705981276924,0.41342369916921734,4574
7,AI-first,Near expectation,0.39003265131012627,0.3946917808219178,1168
7,AI-first,Worse than expected,0.37421973863696684,0.37011669203450026,3942
7,Hybrid,Better than expected,0.29254062042705536,0.28139463128663994,3241
7,Hybrid,Near expectation,0.28552829621451326,0.28080568720379145,844
7,Hybrid,Worse than expected,0.2633951398556814,0.26566507878343715,2729
7,Peer-first,Better than expected,0.4201720269776382,0.4262083780880773,4655
7,Peer-first,Near expectation,0.39467211489371756,0.3970125786163522,1272
7,Peer-first,Worse than expected,0.3811005692537305,0.3903345724907063,4035
8,AI-first,Better than expected,0.41368994908356266,0.4193199047000217,4617
8,AI-first,Near expectation,0.3911860573679362,0.3940129449838188,1236
8,AI-first,Worse than expected,0.3746938710679211,0.3777721131786898,3923
8,Hybrid,Better than expected,0.2934049721677486,0.2922016911994989,3193
8,Hybrid,Near expectation,0.274084862903287,0.2694541231126597,861
8,Hybrid,Worse than expected,0.2613606601480375,0.25275560623337134,2631
8,Peer-first,Better than expected,0.41778858094000354,0.43422972691265377,4797
8,Peer-first,Near expectation,0.3962883536559065,0.38783894823336074,1217
8,Peer-first,Worse than expected,0.37825464182918717,0.38042659974905896,3985
9,AI-first,Better than expected,0.41916673476269034,0.42123070416578556,4729
9,AI-first,Near expectation,0.3972704663360232,0.38189655172413794,1160
9,AI-first,Worse than expected,0.3789055617673161,0.3847105393369619,4042
9,Hybrid,Better than expected,0.2896192488073619,0.2898773006134969,3260
9,Hybrid,Near expectation,0.27317408040045776,0.2811764705882353,850
9,Hybrid,Worse than expected,0.25995450381530266,0.2546224961479199,2596
9,Peer-first,Better than expected,0.4079737973175766,0.40344901000638705,4697
9,Peer-first,Near expectation,0.3893966935873828,0.3826955074875208,1202
9,Peer-first,Worse than expected,0.37887848413333913,0.37996941896024466,3924
10,AI-first,Better than expected,0.4206356942260888,0.42170779646210965,4579
10,AI-first,Near expectation,0.39577170458029237,0.4185861795075457,1259
10,AI-first,Worse than expected,0.378355179886327,0.372291210129048,4107
10,Hybrid,Better than expected,0.29163676566837937,0.2896615957777088,3221
10,Hybrid,Near expectation,0.28127908794347023,0.2632794457274827,866
10,Hybrid,Worse than expected,0.2558781358864398,0.26260428001450853,2757
10,Peer-first,Better than expected,0.39706364047775017,0.40089385474860334,4475
10,Peer-first,Near expectation,0.3846309432675961,0.4075286415711948,1222
10,Peer-first,Worse than expected,0.3613853994369229,0.3568193256165073,3974
11,AI-first,Better than expected,0.410646975400213,0.41232227488151657,4642
11,AI-first,Near expectation,0.3938691489824681,0.4230132450331126,1208
11,AI-first,Worse than expected,0.37147053680224973,0.36886075949367086,3950
11,Hybrid,Better than expected,0.28939146734374993,0.2986854173035769,3271
11,Hybrid,Near expectation,0.27141874953698264,0.2779740871613663,849
11,Hybrid,Worse than expected,0.2586455934635157,0.2455542943624669,2643
11,Peer-first,Better than expected,0.423708893458861,0.4188436830835118,4670
11,Peer-first,Near expectation,0.3892960972441951,0.39357429718875503,1245
11,Peer-first,Worse than expected,0.38532182790631103,0.37167252636865894,3982
12,AI-first,Better than expected,0.4244682161600719,0.42002107481559536,4745
12,AI-first,Near expectation,0.38858981979162094,0.37448559670781895,1215
12,AI-first,Worse than expected,0.3833317990159425,0.384788029925187,4010
12,Hybrid,Better than expected,0.28938000541078335,0.28205900060204697,3322
12,Hybrid,Near expectation,0.27686962279951755,0.2532239155920281,853
12,Hybrid,Worse than expected,0.2596567329775137,0.27300850734725446,2586
12,Peer-first,Better than expected,0.41150035333312673,0.40943518718892014,4621
12,Peer-first,Near expectation,0.3951738875390514,0.4047039740470397,1233
12,Peer-first,Worse than expected,0.3765348557948201,0.3726451612903226,3875
13,AI-first,Better than expected,0.41741517197266975,0.4084567503756171,4659
13,AI-first,Near expectation,0.40426859051776065,0.39120188531029065,1273
13,AI-first,Worse than expected,0.38170446315342493,0.39751079502159004,3937
13,Hybrid,Better than expected,0.2893079339482558,0.29721362229102166,3230
13,Hybrid,Near expectation,0.26848511898827804,0.23634204275534443,842
13,Hybrid,Worse than expected,0.25855892579109924,0.26005361930294907,2611
13,Peer-first,Better than expected,0.42137165451364583,0.4154929577464789,4686
13,Peer-first,Near expectation,0.4076252118982273,0.40625,1248
13,Peer-first,Worse than expected,0.37869651291798945,0.39154504277805735,3974
14,AI-first,Better than expected,0.4168283435917111,0.4169717854835236,4643
14,AI-first,Near expectation,0.3897766018517729,0.41205211726384366,1228
14,AI-first,Worse than expected,0.3777458734620096,0.385272681578286,3979
14,Hybrid,Better than expected,0.2929662467174166,0.2981347773766546,3324
14,Hybrid,Near expectation,0.2746154642865368,0.28087167070217917,826
14,Hybrid,Worse than expected,0.26370395237296884,0.2627055306427504,2676
14,Peer-first,Better than expected,0.4128105016377635,0.407455289808231,4641
14,Peer-first,Near expectation,0.3976160204612096,0.3963170536429143,1249
14,Peer-first,Worse than expected,0.38108049963375223,0.3728813559322034,3894
15,AI-first,Better than expected,0.4201031438237857,0.4127084652733798,4737
15,AI-first,Near expectation,0.3959490173787773,0.40228945216680295,1223
15,AI-first,Worse than expected,0.3824443807686249,0.3924297924297924,4095
15,Hybrid,Better than expected,0.2932092684639733,0.2989280245022971,3265
15,Hybrid,Near expectation,0.2752694366688552,0.24334140435835352,826
15,Hybrid,Worse than expected,0.2628473289215631,0.2644808743169399,2745
15,Peer-first,Better than expected,0.40728169671035236,0.4130915524104379,4522
15,Peer-first,Near expectation,0.39229533440594216,0.3641025641025641,1170
15,Peer-first,Worse than expected,0.36281249349118305,0.3657467113747743,3877
16,AI-first,Better than expected,0.4132886126580872,0.413984461709212,4505
16,AI-first,Near expectation,0.39200155576907336,0.37872340425531914,1175
16,AI-first,Worse than expected,0.3766046155497082,0.37425149700598803,4008
16,Hybrid,Better than expected,0.2883893783661144,0.2909860859044162,3306
16,Hybrid,Near expectation,0.2749948829961549,0.29102564102564105,780
16,Hybrid,Worse than expected,0.2557019736324848,0.25241635687732344,2690
16,Peer-first,Better than expected,0.41978343956953607,0.4219701743331233,4761
16,Peer-first,Near expectation,0.4067698841638366,0.398538961038961,1232
16,Peer-first,Worse than expected,0.3958408374024206,0.3907069697726705,4003
17,AI-first,Better than expected,0.43188809898136005,0.4384583506009117,4826
17,AI-first,Near expectation,0.4095200871138395,0.42063492063492064,1260
17,AI-first,Worse than expected,0.3901221524345263,0.4022280161175634,4219
17,Hybrid,Better than expected,0.2877153481484114,0.28308259134172553,3257
17,Hybrid,Near expectation,0.2758755860530466,0.2633587786259542,786
17,Hybrid,Worse than expected,0.2538935280954686,0.25865880619012527,2714
17,Peer-first,Better than expected,0.39336163001209495,0.4026769509981851,4408
17,Peer-first,Near expectation,0.38701044700564907,0.38160136286201024,1174
17,Peer-first,Worse than expected,0.35642588508219497,0.34958071278826,3816
18,AI-first,Better than expected,0.41526742357880553,0.422122379118528,4674
18,AI-first,Near expectation,0.3968664597914954,0.387551867219917,1205
18,AI-first,Worse than expected,0.37515897020736194,0.37209882705265784,4007
18,Hybrid,Better than expected,0.28809279426275586,0.2831439393939394,3168
18,Hybrid,Near expectation,0.26819588562512436,0.2657601977750309,809
18,Hybrid,Worse than expected,0.25770233713591256,0.25312145289443816,2643
18,Peer-first,Better than expected,0.42515149398101804,0.4215481171548117,4780
18,Peer-first,Near expectation,0.4076256317684525,0.3835725677830941,1254
18,Peer-first,Worse than expected,0.3904668716225385,0.38826530612244897,3920
19,AI-first,Better than expected,0.4229128269714039,0.42207101849883055,4703
19,AI-first,Near expectation,0.3967773174015963,0.4099836333878887,1222
19,AI-first,Worse than expected,0.3827943336359721,0.3761201259384839,4129
19,Hybrid,Better than expected,0.28582582127624373,0.2871590560833589,3263
19,Hybrid,Near expectation,0.2717100424228118,0.2471131639722864,866
19,Hybrid,Worse than expected,0.2565862312285941,0.26709482432942955,2647
19,Peer-first,Better than expected,0.4039977519557281,0.41094091903719915,4570
19,Peer-first,Near expectation,0.3841198040405079,0.37521514629948366,1162
19,Peer-first,Worse than expected,0.3671204049267444,0.36659825551564906,3898
