factor,level,multiplier,metric,mean,ci_low,ci_high,n
ai_access_saturation,+20%,1.2,final_peer_share,0.39097777777777776,0.3862161261970728,0.3957394293584827,20
ai_access_saturation,+20%,1.2,final_ai_share,0.35638888888888887,0.35204560407008617,0.36073217370769156,20
ai_access_saturation,+20%,1.2,final_hybrid_share,0.2526333333333333,0.2495771560682524,0.25568951059841427,20
ai_access_saturation,+20%,1.2,final_human_interaction_rate,0.6436111111111111,0.6392678262923085,0.6479543959299138,20
ai_access_saturation,+20%,1.2,final_ai_use_rate,0.6090222222222222,0.6042605706415173,0.6137838738029272,20
ai_access_saturation,+20%,1.2,final_mean_quality,0.589450677326845,0.5864829740077433,0.5924183806459467,20
ai_access_saturation,+20%,1.2,final_success_rate,0.4292111111111111,0.4199026349882243,0.4385195872339979,20
ai_access_saturation,+20%,1.2,final_mean_knowledge,0.6455483937160503,0.641579096047432,0.6495176913846686,20
ai_access_saturation,+20%,1.2,final_knowledge_gini,0.08126724805180337,0.07925610401203301,0.08327839209157373,20
ai_access_saturation,+20%,1.2,final_knowledge_rank_corr_with_initial,0.9892545057914777,0.9884290785710641,0.9900799330118912,20
ai_access_saturation,+20%,1.2,final_performance_gini,0.09949130846372971,0.09849190128034487,0.10049071564711455,20
ai_access_saturation,+20%,1.2,final_mean_ai_trust,0.5937269579973407,0.5931615424087755,0.5942923735859058,20
ai_access_saturation,+20%,1.2,final_mean_peer_trust,0.56352221930027,0.5608135322267133,0.5662309063738268,20
ai_access_saturation,+20%,1.2,final_mean_tie_strength,0.43472238993644724,0.43347534070358734,0.43596943916930714,20
ai_access_saturation,+20%,1.2,final_network_density,0.05698808193668525,0.05682055935217157,0.05715560452119894,20
ai_access_saturation,+20%,1.2,final_mean_weighted_degree,4.434400093828308,4.422301676271982,4.446498511384634,20
ai_access_saturation,+20%,1.2,final_recent_active_tie_fraction,0.9116711491621926,0.9085073082359968,0.9148349900883884,20
ai_access_saturation,+20%,1.2,final_mean_unique_peer_partners,10.703844444444446,10.665974332068291,10.7417145568206,20
ai_access_saturation,+20%,1.2,final_mean_peer_marginal,0.00787859668483973,0.0075269991670734015,0.008230194202606058,20
ai_access_saturation,+20%,1.2,final_mean_ai_availability_probability,0.9209493686527803,0.9199424347813202,0.9219563025242404,20
ai_access_saturation,+20%,1.2,edge_retention_ratio,1.0,1.0,1.0,20
ai_access_saturation,+20%,1.2,edge_count_ratio,1.0216666666666667,1.018436745674105,1.0248965876592284,20
ai_access_saturation,+20%,1.2,new_edge_ratio,0.02166666666666663,0.018436745674104953,0.024896587659228305,20
ai_access_saturation,+20%,1.2,strong_tie_fraction,0.6325642997000122,0.625135454506919,0.6399931448931053,20
ai_access_saturation,-20%,0.8,final_peer_share,0.40206666666666663,0.3965516471931117,0.40758168614022156,20
ai_access_saturation,-20%,0.8,final_ai_share,0.3511888888888889,0.3463305541207322,0.35604722365704555,20
ai_access_saturation,-20%,0.8,final_hybrid_share,0.24674444444444443,0.24284988979616462,0.25063899909272425,20
ai_access_saturation,-20%,0.8,final_human_interaction_rate,0.648811111111111,0.6439527763429543,0.6536694458792677,20
ai_access_saturation,-20%,0.8,final_ai_use_rate,0.5979333333333333,0.5924183138597784,0.6034483528068882,20
ai_access_saturation,-20%,0.8,final_mean_quality,0.5897703380076362,0.5869812942946386,0.5925593817206338,20
ai_access_saturation,-20%,0.8,final_success_rate,0.4322444444444444,0.423761770128941,0.44072711875994774,20
ai_access_saturation,-20%,0.8,final_mean_knowledge,0.6454222172496864,0.641497784404384,0.6493466500949888,20
ai_access_saturation,-20%,0.8,final_knowledge_gini,0.0813689162290385,0.07932256649355145,0.08341526596452555,20
ai_access_saturation,-20%,0.8,final_knowledge_rank_corr_with_initial,0.989513348552326,0.9887529904922955,0.9902737066123565,20
ai_access_saturation,-20%,0.8,final_performance_gini,0.09966295650854531,0.09880125746498475,0.10052465555210588,20
ai_access_saturation,-20%,0.8,final_mean_ai_trust,0.59401656059859,0.5934529833560355,0.5945801378411445,20
ai_access_saturation,-20%,0.8,final_mean_peer_trust,0.5638869960308075,0.5612155130622857,0.5665584789993293,20
ai_access_saturation,-20%,0.8,final_mean_tie_strength,0.43507833844423294,0.4339550983543239,0.436201578534142,20
ai_access_saturation,-20%,0.8,final_network_density,0.056997517070142736,0.056885363379730006,0.05710967076055547,20
ai_access_saturation,-20%,0.8,final_mean_weighted_degree,4.438814521045155,4.426245417788799,4.451383624301512,20
ai_access_saturation,-20%,0.8,final_recent_active_tie_fraction,0.9141358312178939,0.9108680836508708,0.917403578784917,20
ai_access_saturation,-20%,0.8,final_mean_unique_peer_partners,10.708222222222222,10.676466151780863,10.739978292663581,20
ai_access_saturation,-20%,0.8,final_mean_peer_marginal,0.007890025013641042,0.007530516517084398,0.008249533510197684,20
ai_access_saturation,-20%,0.8,final_mean_ai_availability_probability,0.9041675976200464,0.9029735034805437,0.9053616917595491,20
ai_access_saturation,-20%,0.8,edge_retention_ratio,1.0,1.0,1.0,20
ai_access_saturation,-20%,0.8,edge_count_ratio,1.022611111111111,1.019915488739167,1.0253067334830548,20
ai_access_saturation,-20%,0.8,new_edge_ratio,0.022611111111111065,0.01991548873916717,0.02530673348305496,20
ai_access_saturation,-20%,0.8,strong_tie_fraction,0.6327694243479904,0.6252313396730057,0.6403075090229752,20
ai_ambiguity_verification_cost,+20%,1.2,final_peer_share,0.39841111111111116,0.39325798986108496,0.40356423236113736,20
ai_ambiguity_verification_cost,+20%,1.2,final_ai_share,0.3496888888888889,0.34581101598714165,0.3535667617906361,20
ai_ambiguity_verification_cost,+20%,1.2,final_hybrid_share,0.25189999999999996,0.24887825456810012,0.25492174543189977,20
ai_ambiguity_verification_cost,+20%,1.2,final_human_interaction_rate,0.6503111111111111,0.6464332382093638,0.6541889840128583,20
ai_ambiguity_verification_cost,+20%,1.2,final_ai_use_rate,0.601588888888889,0.5964357676388627,0.6067420101389152,20
ai_ambiguity_verification_cost,+20%,1.2,final_mean_quality,0.5894449948083416,0.5865158650295899,0.5923741245870933,20
ai_ambiguity_verification_cost,+20%,1.2,final_success_rate,0.4290777777777778,0.41968826384816127,0.4384672917073943,20
ai_ambiguity_verification_cost,+20%,1.2,final_mean_knowledge,0.6456428499267642,0.6416938110424839,0.6495918888110446,20
ai_ambiguity_verification_cost,+20%,1.2,final_knowledge_gini,0.0812240369285445,0.07916460004633606,0.08328347381075295,20
ai_ambiguity_verification_cost,+20%,1.2,final_knowledge_rank_corr_with_initial,0.9893307636937498,0.9885952475856851,0.9900662798018146,20
ai_ambiguity_verification_cost,+20%,1.2,final_performance_gini,0.09977273942514531,0.09868454055164,0.10086093829865062,20
ai_ambiguity_verification_cost,+20%,1.2,final_mean_ai_trust,0.5940616178079713,0.5933919916201212,0.5947312439958213,20
ai_ambiguity_verification_cost,+20%,1.2,final_mean_peer_trust,0.5638127872943878,0.5610831890516803,0.5665423855370952,20
ai_ambiguity_verification_cost,+20%,1.2,final_mean_tie_strength,0.4349737668633461,0.43375695861687213,0.43619057510982007,20
ai_ambiguity_verification_cost,+20%,1.2,final_network_density,0.05700744878957166,0.0568976259694347,0.05711727160970862,20
ai_ambiguity_verification_cost,+20%,1.2,final_mean_weighted_degree,4.438501775360107,4.428442188124103,4.448561362596111,20
ai_ambiguity_verification_cost,+20%,1.2,final_recent_active_tie_fraction,0.9138039897197465,0.9112552892274661,0.9163526902120269,20
ai_ambiguity_verification_cost,+20%,1.2,final_mean_unique_peer_partners,10.68648888888889,10.64296901380482,10.730008763972961,20
ai_ambiguity_verification_cost,+20%,1.2,final_mean_peer_marginal,0.007756419863390876,0.007483341424160598,0.008029498302621153,20
ai_ambiguity_verification_cost,+20%,1.2,final_mean_ai_availability_probability,0.9130001396225707,0.9119007619146877,0.9140995173304536,20
ai_ambiguity_verification_cost,+20%,1.2,edge_retention_ratio,1.0,1.0,1.0,20
ai_ambiguity_verification_cost,+20%,1.2,edge_count_ratio,1.0222222222222224,1.0200159811524057,1.024428463292039,20
ai_ambiguity_verification_cost,+20%,1.2,new_edge_ratio,0.02222222222222218,0.020015981152405424,0.02442846329203894,20
ai_ambiguity_verification_cost,+20%,1.2,strong_tie_fraction,0.632916017728421,0.6261946148721709,0.6396374205846711,20
ai_ambiguity_verification_cost,-20%,0.8,final_peer_share,0.39342222222222223,0.3885642243573814,0.39828022008706304,20
ai_ambiguity_verification_cost,-20%,0.8,final_ai_share,0.36145555555555553,0.3573624090362371,0.36554870207487394,20
ai_ambiguity_verification_cost,-20%,0.8,final_hybrid_share,0.24512222222222216,0.24157751458525484,0.24866692985918948,20
ai_ambiguity_verification_cost,-20%,0.8,final_human_interaction_rate,0.6385444444444445,0.634451297925126,0.6426375909637629,20
ai_ambiguity_verification_cost,-20%,0.8,final_ai_use_rate,0.6065777777777777,0.6017197799129369,0.6114357756426184,20
ai_ambiguity_verification_cost,-20%,0.8,final_mean_quality,0.589390788548275,0.5864031203348085,0.5923784567617415,20
ai_ambiguity_verification_cost,-20%,0.8,final_success_rate,0.43118888888888884,0.42211649620075237,0.4402612815770253,20
ai_ambiguity_verification_cost,-20%,0.8,final_mean_knowledge,0.6455721827506073,0.6416624259187028,0.6494819395825119,20
ai_ambiguity_verification_cost,-20%,0.8,final_knowledge_gini,0.08127587453501034,0.07919213477069637,0.08335961429932431,20
ai_ambiguity_verification_cost,-20%,0.8,final_knowledge_rank_corr_with_initial,0.9894263703617578,0.9887035240710214,0.9901492166524943,20
ai_ambiguity_verification_cost,-20%,0.8,final_performance_gini,0.09970038766162245,0.09857234100770082,0.10082843431554409,20
ai_ambiguity_verification_cost,-20%,0.8,final_mean_ai_trust,0.5934634307187243,0.5927459073907367,0.5941809540467119,20
ai_ambiguity_verification_cost,-20%,0.8,final_mean_peer_trust,0.5636162685155869,0.56098112305314,0.5662514139780338,20
ai_ambiguity_verification_cost,-20%,0.8,final_mean_tie_strength,0.43488611853122716,0.43368674566246795,0.43608549139998637,20
ai_ambiguity_verification_cost,-20%,0.8,final_network_density,0.05698286778398507,0.0568655453923545,0.05710019017561564,20
ai_ambiguity_verification_cost,-20%,0.8,final_mean_weighted_degree,4.435679324014981,4.426158475161262,4.4452001728687005,20
ai_ambiguity_verification_cost,-20%,0.8,final_recent_active_tie_fraction,0.9116736626178806,0.9099005128304988,0.9134468124052625,20
ai_ambiguity_verification_cost,-20%,0.8,final_mean_unique_peer_partners,10.67982222222222,10.638067933260738,10.721576511183704,20
ai_ambiguity_verification_cost,-20%,0.8,final_mean_peer_marginal,0.007973277146166009,0.00759900184715284,0.008347552445179178,20
ai_ambiguity_verification_cost,-20%,0.8,final_mean_ai_availability_probability,0.9130001396225707,0.9119007619146877,0.9140995173304536,20
ai_ambiguity_verification_cost,-20%,0.8,edge_retention_ratio,1.0,1.0,1.0,20
ai_ambiguity_verification_cost,-20%,0.8,edge_count_ratio,1.0219444444444443,1.019601333356477,1.0242875555324116,20
ai_ambiguity_verification_cost,-20%,0.8,new_edge_ratio,0.02194444444444439,0.019601333356477086,0.024287555532411697,20
ai_ambiguity_verification_cost,-20%,0.8,strong_tie_fraction,0.6323926191533636,0.6248083891090915,0.6399768491976358,20
choice_temperature,+20%,1.2,final_peer_share,0.3955888888888889,0.3923885783050053,0.39878919947277247,20
choice_temperature,+20%,1.2,final_ai_share,0.34311111111111103,0.3386711045497876,0.34755111767243446,20
choice_temperature,+20%,1.2,final_hybrid_share,0.2613,0.2578221238103043,0.26477787618969567,20
choice_temperature,+20%,1.2,final_human_interaction_rate,0.6568888888888889,0.6524488823275655,0.6613288954502122,20
choice_temperature,+20%,1.2,final_ai_use_rate,0.6044111111111111,0.6012108005272275,0.6076114216949947,20
choice_temperature,+20%,1.2,final_mean_quality,0.5887634107566653,0.5858442299532637,0.5916825915600669,20
choice_temperature,+20%,1.2,final_success_rate,0.42881111111111103,0.42069351036831726,0.4369287118539048,20
choice_temperature,+20%,1.2,final_mean_knowledge,0.6450559234523958,0.6411229501213409,0.6489888967834507,20
choice_temperature,+20%,1.2,final_knowledge_gini,0.08149449336442263,0.07943608648365826,0.08355290024518701,20
choice_temperature,+20%,1.2,final_knowledge_rank_corr_with_initial,0.9895998881184085,0.9889047912387966,0.9902949849980204,20
choice_temperature,+20%,1.2,final_performance_gini,0.099908422273747,0.09880013451312666,0.10101671003436732,20
choice_temperature,+20%,1.2,final_mean_ai_trust,0.5936794037584789,0.5931342783877511,0.5942245291292068,20
choice_temperature,+20%,1.2,final_mean_peer_trust,0.5641930545568465,0.5615515821973349,0.5668345269163582,20
choice_temperature,+20%,1.2,final_mean_tie_strength,0.434570748925209,0.433472395130323,0.43566910272009507,20
choice_temperature,+20%,1.2,final_network_density,0.057223091247672206,0.05712210999820264,0.05732407249714177,20
choice_temperature,+20%,1.2,final_mean_weighted_degree,4.451195716314845,4.438655687298596,4.463735745331094,20
choice_temperature,+20%,1.2,final_recent_active_tie_fraction,0.9188040228009969,0.9160679756894778,0.921540069912516,20
choice_temperature,+20%,1.2,final_mean_unique_peer_partners,10.836422222222222,10.7975004456888,10.875343998755643,20
choice_temperature,+20%,1.2,final_mean_peer_marginal,0.007438351471554165,0.007135810400310196,0.007740892542798134,20
choice_temperature,+20%,1.2,final_mean_ai_availability_probability,0.9130001396225707,0.9119007619146877,0.9140995173304536,20
choice_temperature,+20%,1.2,edge_retention_ratio,1.0,1.0,1.0,20
choice_temperature,+20%,1.2,edge_count_ratio,1.0263333333333335,1.024372310799287,1.02829435586738,20
choice_temperature,+20%,1.2,new_edge_ratio,0.026333333333333292,0.024372310799286746,0.02829435586737984,20
choice_temperature,+20%,1.2,strong_tie_fraction,0.63236897620939,0.6255863015889966,0.6391516508297834,20
choice_temperature,-20%,0.8,final_peer_share,0.39804444444444437,0.392534330428913,0.40355455845997573,20
choice_temperature,-20%,0.8,final_ai_share,0.3695555555555556,0.3640507753701772,0.37506033574093395,20
choice_temperature,-20%,0.8,final_hybrid_share,0.23239999999999994,0.22929094417981075,0.23550905582018913,20
choice_temperature,-20%,0.8,final_human_interaction_rate,0.6304444444444444,0.624939664259066,0.6359492246298227,20
choice_temperature,-20%,0.8,final_ai_use_rate,0.6019555555555556,0.5964454415400242,0.6074656695710869,20
choice_temperature,-20%,0.8,final_mean_quality,0.5901346721485754,0.5873232500433693,0.5929460942537815,20
choice_temperature,-20%,0.8,final_success_rate,0.42974444444444443,0.42160436267167206,0.4378845262172168,20
choice_temperature,-20%,0.8,final_mean_knowledge,0.6462038568066417,0.64228293748928,0.6501247761240034,20
choice_temperature,-20%,0.8,final_knowledge_gini,0.08097464709408268,0.07893524685580938,0.08301404733235598,20
choice_temperature,-20%,0.8,final_knowledge_rank_corr_with_initial,0.9890121655798906,0.9882969667708192,0.9897273643889619,20
choice_temperature,-20%,0.8,final_performance_gini,0.09910276486046357,0.09810271776142485,0.1001028119595023,20
choice_temperature,-20%,0.8,final_mean_ai_trust,0.594107768861986,0.5936768965885847,0.5945386411353873,20
choice_temperature,-20%,0.8,final_mean_peer_trust,0.563030905008316,0.5602420267785548,0.5658197832380771,20
choice_temperature,-20%,0.8,final_mean_tie_strength,0.4352808138132095,0.43416694382415516,0.4363946838022638,20
choice_temperature,-20%,0.8,final_network_density,0.05668280571073862,0.056586267798414545,0.05677934362306269,20
choice_temperature,-20%,0.8,final_mean_weighted_degree,4.416394783322016,4.404695708656302,4.428093857987729,20
choice_temperature,-20%,0.8,final_recent_active_tie_fraction,0.9018289552995723,0.8992558602882659,0.9044020503108787,20
choice_temperature,-20%,0.8,final_mean_unique_peer_partners,10.514422222222223,10.481377999185217,10.547466445259229,20
choice_temperature,-20%,0.8,final_mean_peer_marginal,0.008252215918407076,0.007906497648708061,0.008597934188106091,20
choice_temperature,-20%,0.8,final_mean_ai_availability_probability,0.9130001396225707,0.9119007619146877,0.9140995173304536,20
choice_temperature,-20%,0.8,edge_retention_ratio,1.0,1.0,1.0,20
choice_temperature,-20%,0.8,edge_count_ratio,1.0159444444444443,1.0141251705664953,1.0177637183223933,20
choice_temperature,-20%,0.8,new_edge_ratio,0.015944444444444414,0.014125170566495296,0.017763718322393533,20
choice_temperature,-20%,0.8,strong_tie_fraction,0.6324335282729789,0.62464484982256,0.6402222067233979,20
expected_quality_weight,+20%,1.2,final_peer_share,0.4030444444444444,0.39763205843376515,0.4084568304551237,20
expected_quality_weight,+20%,1.2,final_ai_share,0.3536666666666667,0.34794459993335575,0.3593887333999776,20
expected_quality_weight,+20%,1.2,final_hybrid_share,0.24328888888888883,0.23936428995231052,0.24721348782546715,20
expected_quality_weight,+20%,1.2,final_human_interaction_rate,0.6463333333333333,0.6406112666000224,0.6520554000666442,20
expected_quality_weight,+20%,1.2,final_ai_use_rate,0.5969555555555555,0.5915431695448762,0.6023679415662347,20
expected_quality_weight,+20%,1.2,final_mean_quality,0.5893893761547794,0.5864180643788137,0.592360687930745,20
expected_quality_weight,+20%,1.2,final_success_rate,0.42936666666666656,0.42050049447413834,0.4382328388591948,20
expected_quality_weight,+20%,1.2,final_mean_knowledge,0.6457536727209228,0.6418379875269066,0.649669357914939,20
expected_quality_weight,+20%,1.2,final_knowledge_gini,0.0811610739439941,0.07910582207227529,0.08321632581571292,20
expected_quality_weight,+20%,1.2,final_knowledge_rank_corr_with_initial,0.9893468939719959,0.9886168941611715,0.9900768937828204,20
expected_quality_weight,+20%,1.2,final_performance_gini,0.099816574326051,0.09896843857400617,0.10066471007809583,20
expected_quality_weight,+20%,1.2,final_mean_ai_trust,0.5933481259770552,0.5928213833947784,0.593874868559332,20
expected_quality_weight,+20%,1.2,final_mean_peer_trust,0.5636109755039216,0.5610680873273951,0.5661538636804481,20
expected_quality_weight,+20%,1.2,final_mean_tie_strength,0.43486515742540355,0.4338454466736097,0.4358848681771974,20
expected_quality_weight,+20%,1.2,final_network_density,0.05694140285536929,0.056827944748725455,0.05705486096201313,20
expected_quality_weight,+20%,1.2,final_mean_weighted_degree,4.432305978284942,4.419539638928961,4.445072317640924,20
expected_quality_weight,+20%,1.2,final_recent_active_tie_fraction,0.9118516603235278,0.909212561434682,0.9144907592123737,20
expected_quality_weight,+20%,1.2,final_mean_unique_peer_partners,10.686066666666665,10.641642436852809,10.730490896480521,20
expected_quality_weight,+20%,1.2,final_mean_peer_marginal,0.0078096763167037325,0.007453111777724238,0.008166240855683227,20
expected_quality_weight,+20%,1.2,final_mean_ai_availability_probability,0.9130001396225707,0.9119007619146877,0.9140995173304536,20
expected_quality_weight,+20%,1.2,edge_retention_ratio,1.0,1.0,1.0,20
expected_quality_weight,+20%,1.2,edge_count_ratio,1.021,1.018567335853938,1.0234326641460618,20
expected_quality_weight,+20%,1.2,new_edge_ratio,0.02099999999999996,0.01856733585393793,0.023432664146061988,20
expected_quality_weight,+20%,1.2,strong_tie_fraction,0.6315749866944176,0.6250165586197272,0.638133414769108,20
expected_quality_weight,-20%,0.8,final_peer_share,0.39560000000000006,0.39110448769756545,0.4000955123024347,20
expected_quality_weight,-20%,0.8,final_ai_share,0.3504555555555556,0.345993999403832,0.35491711170727913,20
expected_quality_weight,-20%,0.8,final_hybrid_share,0.2539444444444445,0.2507935051588257,0.25709538373006324,20
expected_quality_weight,-20%,0.8,final_human_interaction_rate,0.6495444444444443,0.6450828882927206,0.6540060005961679,20
expected_quality_weight,-20%,0.8,final_ai_use_rate,0.6044,0.5999044876975654,0.6088955123024347,20
expected_quality_weight,-20%,0.8,final_mean_quality,0.5895118306623124,0.586657635537192,0.5923660257874328,20
expected_quality_weight,-20%,0.8,final_success_rate,0.43033333333333335,0.4213702058164423,0.4392964608502244,20
expected_quality_weight,-20%,0.8,final_mean_knowledge,0.6453849668537192,0.6414489845277456,0.6493209491796927,20
expected_quality_weight,-20%,0.8,final_knowledge_gini,0.08131400460951874,0.07929954969553812,0.08332845952349935,20
expected_quality_weight,-20%,0.8,final_knowledge_rank_corr_with_initial,0.9895879844192328,0.9889029607787773,0.9902730080596883,20
expected_quality_weight,-20%,0.8,final_performance_gini,0.09943051815373011,0.09835334163929567,0.10050769466816455,20
expected_quality_weight,-20%,0.8,final_mean_ai_trust,0.5935678288360384,0.5930686527489493,0.5940670049231276,20
expected_quality_weight,-20%,0.8,final_mean_peer_trust,0.5638236732482909,0.5611407317845595,0.5665066147120222,20
expected_quality_weight,-20%,0.8,final_mean_tie_strength,0.4352129358649254,0.43410367070109396,0.4363222010287568,20
expected_quality_weight,-20%,0.8,final_network_density,0.05690254500310362,0.05678484387005032,0.05702024613615692,20
expected_quality_weight,-20%,0.8,final_mean_weighted_degree,4.43282817434205,4.419254399455656,4.446401949228444,20
expected_quality_weight,-20%,0.8,final_recent_active_tie_fraction,0.9129978784879489,0.9102597955120142,0.9157359614638836,20
expected_quality_weight,-20%,0.8,final_mean_unique_peer_partners,10.679866666666666,10.646808896291203,10.712924437042128,20
expected_quality_weight,-20%,0.8,final_mean_peer_marginal,0.007935504732921799,0.007603197260529578,0.00826781220531402,20
expected_quality_weight,-20%,0.8,final_mean_ai_availability_probability,0.9130001396225707,0.9119007619146877,0.9140995173304536,20
expected_quality_weight,-20%,0.8,edge_retention_ratio,1.0,1.0,1.0,20
expected_quality_weight,-20%,0.8,edge_count_ratio,1.02,1.0177427408344635,1.0222572591655366,20
expected_quality_weight,-20%,0.8,new_edge_ratio,0.019999999999999955,0.017742740834463422,0.02225725916553649,20
expected_quality_weight,-20%,0.8,strong_tie_fraction,0.6331894975254505,0.6250135816259731,0.6413654134249279,20
external_peer_search_probability,+20%,1.2,final_peer_share,0.39738888888888885,0.3931368740617884,0.4016409037159893,20
external_peer_search_probability,+20%,1.2,final_ai_share,0.3554444444444444,0.3518168656343889,0.3590720232544999,20
external_peer_search_probability,+20%,1.2,final_hybrid_share,0.24716666666666662,0.24362526904065757,0.25070806429267567,20
external_peer_search_probability,+20%,1.2,final_human_interaction_rate,0.6445555555555555,0.6409279767455001,0.648183134365611,20
external_peer_search_probability,+20%,1.2,final_ai_use_rate,0.6026111111111111,0.5983590962840106,0.6068631259382116,20
external_peer_search_probability,+20%,1.2,final_mean_quality,0.588704393310735,0.5858604162517469,0.5915483703697231,20
external_peer_search_probability,+20%,1.2,final_success_rate,0.42608888888888885,0.4174069802355957,0.434770797542182,20
external_peer_search_probability,+20%,1.2,final_mean_knowledge,0.64553836332401,0.6415815845221426,0.6494951421258774,20
external_peer_search_probability,+20%,1.2,final_knowledge_gini,0.08123940448280965,0.07919946865866087,0.08327934030695844,20
external_peer_search_probability,+20%,1.2,final_knowledge_rank_corr_with_initial,0.9894188998448419,0.988666748696245,0.9901710509934387,20
external_peer_search_probability,+20%,1.2,final_performance_gini,0.09971880031606735,0.09850285830496863,0.10093474232716607,20
external_peer_search_probability,+20%,1.2,final_mean_ai_trust,0.5941083321265478,0.5936234792100085,0.5945931850430871,20
external_peer_search_probability,+20%,1.2,final_mean_peer_trust,0.5631647219657898,0.560502635199878,0.5658268087317017,20
external_peer_search_probability,+20%,1.2,final_mean_tie_strength,0.43429723131656645,0.43340137567025366,0.4351930869628792,20
external_peer_search_probability,+20%,1.2,final_network_density,0.05723327126008686,0.05710500477990336,0.057361537740270356,20
external_peer_search_probability,+20%,1.2,final_mean_weighted_degree,4.44925072455671,4.433575299175567,4.4649261499378525,20
external_peer_search_probability,+20%,1.2,final_recent_active_tie_fraction,0.9101603970198304,0.9079733067912712,0.9123474872483897,20
external_peer_search_probability,+20%,1.2,final_mean_unique_peer_partners,10.81942222222222,10.78274640616074,10.856098038283701,20
external_peer_search_probability,+20%,1.2,final_mean_peer_marginal,0.00785041405015508,0.007521719380229859,0.0081791087200803,20
external_peer_search_probability,+20%,1.2,final_mean_ai_availability_probability,0.9130001396225707,0.9119007619146877,0.9140995173304536,20
external_peer_search_probability,+20%,1.2,edge_retention_ratio,1.0,1.0,1.0,20
external_peer_search_probability,+20%,1.2,edge_count_ratio,1.0260555555555555,1.0237702548283187,1.0283408562827923,20
external_peer_search_probability,+20%,1.2,new_edge_ratio,0.026055555555555516,0.0237702548283188,0.02834085628279223,20
external_peer_search_probability,+20%,1.2,strong_tie_fraction,0.6296913202178627,0.6236781002053385,0.6357045402303868,20
external_peer_search_probability,-20%,0.8,final_peer_share,0.3934888888888889,0.38813870873876544,0.39883906903901234,20
external_peer_search_probability,-20%,0.8,final_ai_share,0.35608888888888884,0.35063424698852,0.36154353078925766,20
external_peer_search_probability,-20%,0.8,final_hybrid_share,0.2504222222222222,0.2475648176296731,0.2532796268147713,20
external_peer_search_probability,-20%,0.8,final_human_interaction_rate,0.6439111111111111,0.6384564692107423,0.6493657530114799,20
external_peer_search_probability,-20%,0.8,final_ai_use_rate,0.606511111111111,0.6011609309609875,0.6118612912612345,20
external_peer_search_probability,-20%,0.8,final_mean_quality,0.589334649709457,0.5861110004138133,0.5925582990051008,20
external_peer_search_probability,-20%,0.8,final_success_rate,0.42783333333333334,0.41696874469742906,0.4386979219692376,20
external_peer_search_probability,-20%,0.8,final_mean_knowledge,0.6455975489517215,0.6416101830238015,0.6495849148796415,20
external_peer_search_probability,-20%,0.8,final_knowledge_gini,0.08129289421055975,0.07922772050442567,0.08335806791669384,20
external_peer_search_probability,-20%,0.8,final_knowledge_rank_corr_with_initial,0.9895056040475575,0.9888039618191669,0.9902072462759481,20
external_peer_search_probability,-20%,0.8,final_performance_gini,0.09938347376603089,0.09846249148159286,0.10030445605046892,20
external_peer_search_probability,-20%,0.8,final_mean_ai_trust,0.5939143146470831,0.5933779672998712,0.594450661994295,20
external_peer_search_probability,-20%,0.8,final_mean_peer_trust,0.5640984705686568,0.5613457021566077,0.5668512389807059,20
external_peer_search_probability,-20%,0.8,final_mean_tie_strength,0.4357231925725936,0.43470480129845684,0.4367415838467304,20
external_peer_search_probability,-20%,0.8,final_network_density,0.05665176908752323,0.05657660389416375,0.056726934280882706,20
external_peer_search_probability,-20%,0.8,final_mean_weighted_degree,4.418487753372723,4.405667868913127,4.43130763783232,20
external_peer_search_probability,-20%,0.8,final_recent_active_tie_fraction,0.9147521371396342,0.9118419522779536,0.9176623220013148,20
external_peer_search_probability,-20%,0.8,final_mean_unique_peer_partners,10.51768888888889,10.489494470946356,10.545883306831422,20
external_peer_search_probability,-20%,0.8,final_mean_peer_marginal,0.007835074634128789,0.0075500770240003266,0.00812007224425725,20
external_peer_search_probability,-20%,0.8,final_mean_ai_availability_probability,0.9130001396225707,0.9119007619146877,0.9140995173304536,20
external_peer_search_probability,-20%,0.8,edge_retention_ratio,1.0,1.0,1.0,20
external_peer_search_probability,-20%,0.8,edge_count_ratio,1.0156666666666665,1.014158573058333,1.017174760275,20
external_peer_search_probability,-20%,0.8,new_edge_ratio,0.01566666666666662,0.014158573058333108,0.017174760275000134,20
external_peer_search_probability,-20%,0.8,strong_tie_fraction,0.6359556906659696,0.6290220163017973,0.6428893650301418,20
hybrid_coordination_burden,+20%,1.2,final_peer_share,0.3979666666666667,0.39360253842780873,0.40233079490552465,20
hybrid_coordination_burden,+20%,1.2,final_ai_share,0.3586777777777778,0.3543466212683867,0.36300893428716896,20
hybrid_coordination_burden,+20%,1.2,final_hybrid_share,0.24335555555555555,0.24102315340468833,0.24568795770642277,20
hybrid_coordination_burden,+20%,1.2,final_human_interaction_rate,0.6413222222222221,0.6369910657128309,0.6456533787316133,20
hybrid_coordination_burden,+20%,1.2,final_ai_use_rate,0.6020333333333333,0.5976692050944754,0.6063974615721912,20
hybrid_coordination_burden,+20%,1.2,final_mean_quality,0.5889069776556836,0.5859492547844113,0.5918647005269558,20
hybrid_coordination_burden,+20%,1.2,final_success_rate,0.42783333333333334,0.4190318254109089,0.4366348412557578,20
hybrid_coordination_burden,+20%,1.2,final_mean_knowledge,0.6455204861908057,0.6415424267958335,0.6494985455857779,20
hybrid_coordination_burden,+20%,1.2,final_knowledge_gini,0.08131771362869088,0.07922372280581162,0.08341170445157013,20
hybrid_coordination_burden,+20%,1.2,final_knowledge_rank_corr_with_initial,0.9892548385527486,0.9885179613327257,0.9899917157727716,20
hybrid_coordination_burden,+20%,1.2,final_performance_gini,0.09978817109620061,0.09878889082747262,0.1007874513649286,20
hybrid_coordination_burden,+20%,1.2,final_mean_ai_trust,0.5938162304605499,0.5932320412469057,0.5944004196741941,20
hybrid_coordination_burden,+20%,1.2,final_mean_peer_trust,0.5636122255325318,0.5608035282986302,0.5664209227664333,20
hybrid_coordination_burden,+20%,1.2,final_mean_tie_strength,0.4348191251754761,0.43354823228014006,0.43609001807081216,20
hybrid_coordination_burden,+20%,1.2,final_network_density,0.05686679081315947,0.056738558247787556,0.056995023378531386,20
hybrid_coordination_burden,+20%,1.2,final_mean_weighted_degree,4.425961773676343,4.416073419875859,4.435850127476826,20
hybrid_coordination_burden,+20%,1.2,final_recent_active_tie_fraction,0.9095520288857383,0.9065468772198667,0.9125571805516098,20
hybrid_coordination_burden,+20%,1.2,final_mean_unique_peer_partners,10.660666666666666,10.608842524516305,10.712490808817027,20
hybrid_coordination_burden,+20%,1.2,final_mean_peer_marginal,0.007354992332544374,0.007001917169091767,0.007708067495996981,20
hybrid_coordination_burden,+20%,1.2,final_mean_ai_availability_probability,0.9130001396225707,0.9119007619146877,0.9140995173304536,20
hybrid_coordination_burden,+20%,1.2,edge_retention_ratio,1.0,1.0,1.0,20
hybrid_coordination_burden,+20%,1.2,edge_count_ratio,1.0194444444444444,1.016973468269854,1.0219154206190348,20
hybrid_coordination_burden,+20%,1.2,new_edge_ratio,0.019444444444444393,0.01697346826985388,0.021915420619034905,20
hybrid_coordination_burden,+20%,1.2,strong_tie_fraction,0.6311841837787314,0.6227753015505767,0.6395930660068861,20
hybrid_coordination_burden,-20%,0.8,final_peer_share,0.39683333333333326,0.3917070615060321,0.40195960516063445,20
hybrid_coordination_burden,-20%,0.8,final_ai_share,0.35134444444444435,0.34703159714739384,0.35565729174149485,20
hybrid_coordination_burden,-20%,0.8,final_hybrid_share,0.2518222222222222,0.24797675284243126,0.2556676916020132,20
hybrid_coordination_burden,-20%,0.8,final_human_interaction_rate,0.6486555555555554,0.6443427082585049,0.6529684028526059,20
hybrid_coordination_burden,-20%,0.8,final_ai_use_rate,0.6031666666666667,0.5980403948393656,0.6082929384939679,20
hybrid_coordination_burden,-20%,0.8,final_mean_quality,0.5895783932955705,0.5866985142660819,0.5924582723250591,20
hybrid_coordination_burden,-20%,0.8,final_success_rate,0.4282666666666667,0.41986188569932614,0.4366714476340072,20
hybrid_coordination_burden,-20%,0.8,final_mean_knowledge,0.6455630034912934,0.6416406114602905,0.6494853955222962,20
hybrid_coordination_burden,-20%,0.8,final_knowledge_gini,0.08130689069980093,0.07927828946017115,0.08333549193943071,20
hybrid_coordination_burden,-20%,0.8,final_knowledge_rank_corr_with_initial,0.9893072340549509,0.9885628481140945,0.9900516199958074,20
hybrid_coordination_burden,-20%,0.8,final_performance_gini,0.09954894081080787,0.09860423171083704,0.10049364991077869,20
hybrid_coordination_burden,-20%,0.8,final_mean_ai_trust,0.5933430046839026,0.592713921158621,0.5939720882091841,20
hybrid_coordination_burden,-20%,0.8,final_mean_peer_trust,0.5638792839050294,0.5612459313281136,0.5665126364819452,20
hybrid_coordination_burden,-20%,0.8,final_mean_tie_strength,0.4352693792581559,0.4341468709591077,0.4363918875572041,20
hybrid_coordination_burden,-20%,0.8,final_network_density,0.056970080695220304,0.05685912139999752,0.05708103999044309,20
hybrid_coordination_burden,-20%,0.8,final_mean_weighted_degree,4.43864711769157,4.426583424603154,4.450710810779985,20
hybrid_coordination_burden,-20%,0.8,final_recent_active_tie_fraction,0.9129806647314315,0.9099073067717243,0.9160540226911387,20
hybrid_coordination_burden,-20%,0.8,final_mean_unique_peer_partners,10.67882222222222,10.64006485801499,10.71757958642945,20
hybrid_coordination_burden,-20%,0.8,final_mean_peer_marginal,0.008459038360866027,0.008167519117223939,0.008750557604508115,20
hybrid_coordination_burden,-20%,0.8,final_mean_ai_availability_probability,0.9130001396225707,0.9119007619146877,0.9140995173304536,20
hybrid_coordination_burden,-20%,0.8,edge_retention_ratio,1.0,1.0,1.0,20
hybrid_coordination_burden,-20%,0.8,edge_count_ratio,1.021,1.0190845034755205,1.0229154965244793,20
hybrid_coordination_burden,-20%,0.8,new_edge_ratio,0.020999999999999953,0.019084503475520542,0.022915496524479363,20
hybrid_coordination_burden,-20%,0.8,strong_tie_fraction,0.6341877027389655,0.6269187292713287,0.6414566762066023,20
knowledge_learning_rate,+20%,1.2,final_peer_share,0.4027777777777778,0.39822502274715904,0.40733053280839654,20
knowledge_learning_rate,+20%,1.2,final_ai_share,0.35091111111111106,0.3466453246671886,0.3551768975550335,20
knowledge_learning_rate,+20%,1.2,final_hybrid_share,0.2463111111111111,0.24269769991301737,0.2499245223092048,20
knowledge_learning_rate,+20%,1.2,final_human_interaction_rate,0.6490888888888888,0.6448231024449664,0.6533546753328112,20
knowledge_learning_rate,+20%,1.2,final_ai_use_rate,0.5972222222222221,0.5926694671916034,0.6017749772528408,20
knowledge_learning_rate,+20%,1.2,final_mean_quality,0.5947248965819112,0.5919728644139955,0.5974769287498268,20
knowledge_learning_rate,+20%,1.2,final_success_rate,0.4433111111111111,0.4352312146285245,0.4513910075936977,20
knowledge_learning_rate,+20%,1.2,final_mean_knowledge,0.6530564177399443,0.6491847303862256,0.656928105093663,20
knowledge_learning_rate,+20%,1.2,final_knowledge_gini,0.07680060302704225,0.07485541579729668,0.07874579025678782,20
knowledge_learning_rate,+20%,1.2,final_knowledge_rank_corr_with_initial,0.9858727221155987,0.9849721659723687,0.9867732782588288,20
knowledge_learning_rate,+20%,1.2,final_performance_gini,0.09681260864409269,0.09574420466658747,0.09788101262159792,20
knowledge_learning_rate,+20%,1.2,final_mean_ai_trust,0.5935038862390856,0.5930195538838323,0.5939882185943388,20
knowledge_learning_rate,+20%,1.2,final_mean_peer_trust,0.5671025252342223,0.5645615647201243,0.5696434857483204,20
knowledge_learning_rate,+20%,1.2,final_mean_tie_strength,0.43501368749141694,0.433981577708134,0.4360457972746999,20
knowledge_learning_rate,+20%,1.2,final_network_density,0.056909124767225296,0.056795488274160096,0.057022761260290496,20
knowledge_learning_rate,+20%,1.2,final_mean_weighted_degree,4.431315817848842,4.417013203325234,4.4456184323724495,20
knowledge_learning_rate,+20%,1.2,final_recent_active_tie_fraction,0.9136646856164828,0.9104986822935547,0.916830688939411,20
knowledge_learning_rate,+20%,1.2,final_mean_unique_peer_partners,10.677511111111112,10.639322132540842,10.715700089681382,20
knowledge_learning_rate,+20%,1.2,final_mean_peer_marginal,0.007721009378644195,0.007364819661257113,0.008077199096031277,20
knowledge_learning_rate,+20%,1.2,final_mean_ai_availability_probability,0.9130001396225707,0.9119007619146877,0.9140995173304536,20
knowledge_learning_rate,+20%,1.2,edge_retention_ratio,1.0,1.0,1.0,20
knowledge_learning_rate,+20%,1.2,edge_count_ratio,1.0206111111111111,1.0182826236651756,1.0229395985570466,20
knowledge_learning_rate,+20%,1.2,new_edge_ratio,0.02061111111111107,0.0182826236651755,0.02293959855704664,20
knowledge_learning_rate,+20%,1.2,strong_tie_fraction,0.632514529827674,0.6263495849377427,0.6386794747176052,20
knowledge_learning_rate,-20%,0.8,final_peer_share,0.3920444444444445,0.38662801035083355,0.3974608785380554,20
knowledge_learning_rate,-20%,0.8,final_ai_share,0.3576444444444444,0.35283497030132255,0.3624539185875662,20
knowledge_learning_rate,-20%,0.8,final_hybrid_share,0.2503111111111111,0.2474804294997996,0.2531417927224226,20
knowledge_learning_rate,-20%,0.8,final_human_interaction_rate,0.6423555555555555,0.6375460814124336,0.6471650296986773,20
knowledge_learning_rate,-20%,0.8,final_ai_use_rate,0.6079555555555556,0.6025391214619447,0.6133719896491665,20
knowledge_learning_rate,-20%,0.8,final_mean_quality,0.5842505511638713,0.5812986041609245,0.587202498166818,20
knowledge_learning_rate,-20%,0.8,final_success_rate,0.4160666666666666,0.40628925355553985,0.4258440797777933,20
knowledge_learning_rate,-20%,0.8,final_mean_knowledge,0.6374162323277688,0.6333787596105328,0.6414537050450048,20
knowledge_learning_rate,-20%,0.8,final_knowledge_gini,0.08626924470816712,0.08413810469227352,0.08840038472406071,20
knowledge_learning_rate,-20%,0.8,final_knowledge_rank_corr_with_initial,0.9926416155726343,0.9921497589358376,0.993133472209431,20
knowledge_learning_rate,-20%,0.8,final_performance_gini,0.10201068297867173,0.10094616571950044,0.10307520023784303,20
knowledge_learning_rate,-20%,0.8,final_mean_ai_trust,0.5934839999528538,0.593014835341066,0.5939531645646416,20
knowledge_learning_rate,-20%,0.8,final_mean_peer_trust,0.5599290269613265,0.5571535763912582,0.5627044775313949,20
knowledge_learning_rate,-20%,0.8,final_mean_tie_strength,0.4348392535448074,0.4337902296699895,0.4358882774196253,20
knowledge_learning_rate,-20%,0.8,final_network_density,0.05698845437616383,0.05688697850668064,0.05708993024564702,20
knowledge_learning_rate,-20%,0.8,final_mean_weighted_degree,4.435700094546212,4.423306706909541,4.448093482182884,20
knowledge_learning_rate,-20%,0.8,final_recent_active_tie_fraction,0.910616874302811,0.9071249325932808,0.9141088160123413,20
knowledge_learning_rate,-20%,0.8,final_mean_unique_peer_partners,10.715599999999998,10.688191308897704,10.743008691102293,20
knowledge_learning_rate,-20%,0.8,final_mean_peer_marginal,0.007867583944050044,0.00747839278876664,0.008256775099333449,20
knowledge_learning_rate,-20%,0.8,final_mean_ai_availability_probability,0.9130001396225707,0.9119007619146877,0.9140995173304536,20
knowledge_learning_rate,-20%,0.8,edge_retention_ratio,1.0,1.0,1.0,20
knowledge_learning_rate,-20%,0.8,edge_count_ratio,1.0217777777777777,1.0198960140202815,1.0236595415352738,20
knowledge_learning_rate,-20%,0.8,new_edge_ratio,0.021777777777777743,0.019896014020281683,0.023659541535273804,20
knowledge_learning_rate,-20%,0.8,strong_tie_fraction,0.6335395304878683,0.6269118065496794,0.6401672544260572,20
local_social_learning_weight,+20%,1.2,final_peer_share,0.3958333333333333,0.3914271938571159,0.40023947280955074,20
local_social_learning_weight,+20%,1.2,final_ai_share,0.3582222222222222,0.3536440913002721,0.36280035314417236,20
local_social_learning_weight,+20%,1.2,final_hybrid_share,0.24594444444444444,0.24190993927393664,0.24997894961495223,20
local_social_learning_weight,+20%,1.2,final_human_interaction_rate,0.6417777777777778,0.6371996468558276,0.6463559086997279,20
local_social_learning_weight,+20%,1.2,final_ai_use_rate,0.6041666666666667,0.5997605271904493,0.6085728061428842,20
local_social_learning_weight,+20%,1.2,final_mean_quality,0.5892292867158402,0.5861620217713479,0.5922965516603325,20
local_social_learning_weight,+20%,1.2,final_success_rate,0.42685555555555554,0.4174892921912811,0.43622181891983,20
local_social_learning_weight,+20%,1.2,final_mean_knowledge,0.6455379878512574,0.6415740348593297,0.649501940843185,20
local_social_learning_weight,+20%,1.2,final_knowledge_gini,0.08129645895411321,0.07922808090301782,0.0833648370052086,20
local_social_learning_weight,+20%,1.2,final_knowledge_rank_corr_with_initial,0.9894279429383532,0.9887681239113922,0.9900877619653142,20
local_social_learning_weight,+20%,1.2,final_performance_gini,0.09963321225758541,0.09861777808084671,0.10064864643432411,20
local_social_learning_weight,+20%,1.2,final_mean_ai_trust,0.5937209352993227,0.5932482192826922,0.5941936513159531,20
local_social_learning_weight,+20%,1.2,final_mean_peer_trust,0.5636907253265382,0.5609387518802198,0.5664426987728566,20
local_social_learning_weight,+20%,1.2,final_mean_tie_strength,0.4350521097779274,0.43397836513867977,0.43612585441717505,20
local_social_learning_weight,+20%,1.2,final_network_density,0.05691036623215388,0.056817138886068125,0.05700359357823964,20
local_social_learning_weight,+20%,1.2,final_mean_weighted_degree,4.431804060835309,4.419776868918434,4.443831252752184,20
local_social_learning_weight,+20%,1.2,final_recent_active_tie_fraction,0.9117826442875098,0.90894061524624,0.9146246733287795,20
local_social_learning_weight,+20%,1.2,final_mean_unique_peer_partners,10.662088888888887,10.629075096556662,10.695102681221112,20
local_social_learning_weight,+20%,1.2,final_mean_peer_marginal,0.007862516157084165,0.007463479316440477,0.008261552997727852,20
local_social_learning_weight,+20%,1.2,final_mean_ai_availability_probability,0.9130001396225707,0.9119007619146877,0.9140995173304536,20
local_social_learning_weight,+20%,1.2,edge_retention_ratio,1.0,1.0,1.0,20
local_social_learning_weight,+20%,1.2,edge_count_ratio,1.0199999999999998,1.0182794330384195,1.02172056696158,20
local_social_learning_weight,+20%,1.2,new_edge_ratio,0.019999999999999962,0.018279433038419585,0.02172056696158034,20
local_social_learning_weight,+20%,1.2,strong_tie_fraction,0.6335032353360404,0.626850296388029,0.6401561742840517,20
local_social_learning_weight,-20%,0.8,final_peer_share,0.39788888888888885,0.3931222065326851,0.4026555712450926,20
local_social_learning_weight,-20%,0.8,final_ai_share,0.35291111111111106,0.34791497908078384,0.3579072431414383,20
local_social_learning_weight,-20%,0.8,final_hybrid_share,0.2492,0.24477780045656078,0.25362219954343923,20
local_social_learning_weight,-20%,0.8,final_human_interaction_rate,0.6470888888888888,0.6420927568585616,0.652085020919216,20
local_social_learning_weight,-20%,0.8,final_ai_use_rate,0.602111111111111,0.5973444287549072,0.6068777934673149,20
local_social_learning_weight,-20%,0.8,final_mean_quality,0.589609926494289,0.5865138039175167,0.5927060490710613,20
local_social_learning_weight,-20%,0.8,final_success_rate,0.4283444444444444,0.4185453734688735,0.43814351542001534,20
local_social_learning_weight,-20%,0.8,final_mean_knowledge,0.6455888980356936,0.6416694885185861,0.6495083075528012,20
local_social_learning_weight,-20%,0.8,final_knowledge_gini,0.08126846334474655,0.07923594339863803,0.08330098329085507,20
local_social_learning_weight,-20%,0.8,final_knowledge_rank_corr_with_initial,0.9894898852995574,0.9888042387461471,0.9901755318529677,20
local_social_learning_weight,-20%,0.8,final_performance_gini,0.09968640505969499,0.09866006471052755,0.10071274540886244,20
local_social_learning_weight,-20%,0.8,final_mean_ai_trust,0.5934273139305055,0.5928729956277954,0.5939816322332157,20
local_social_learning_weight,-20%,0.8,final_mean_peer_trust,0.5636294407844543,0.560896728870404,0.5663621526985047,20
local_social_learning_weight,-20%,0.8,final_mean_tie_strength,0.4350904464125633,0.433887702063295,0.43629319076183154,20
local_social_learning_weight,-20%,0.8,final_network_density,0.05691707014276842,0.056772743077734694,0.05706139720780215,20
local_social_learning_weight,-20%,0.8,final_mean_weighted_degree,4.432648324073686,4.419809237091636,4.445487411055735,20
local_social_learning_weight,-20%,0.8,final_recent_active_tie_fraction,0.9110485269680106,0.9080915403424199,0.9140055135936014,20
local_social_learning_weight,-20%,0.8,final_mean_unique_peer_partners,10.67902222222222,10.636752071456696,10.721292372987746,20
local_social_learning_weight,-20%,0.8,final_mean_peer_marginal,0.007961199519444667,0.0076394895573478295,0.008282909481541503,20
local_social_learning_weight,-20%,0.8,final_mean_ai_availability_probability,0.9130001396225707,0.9119007619146877,0.9140995173304536,20
local_social_learning_weight,-20%,0.8,edge_retention_ratio,1.0,1.0,1.0,20
local_social_learning_weight,-20%,0.8,edge_count_ratio,1.0208333333333335,1.0180361397015585,1.0236305269651085,20
local_social_learning_weight,-20%,0.8,new_edge_ratio,0.020833333333333287,0.018036139701558224,0.02363052696510835,20
local_social_learning_weight,-20%,0.8,strong_tie_fraction,0.6335700910474336,0.6254731099534201,0.641667072141447,20
mode_value_learning_rate,+20%,1.2,final_peer_share,0.4001444444444444,0.39579717675678766,0.40449171213210117,20
mode_value_learning_rate,+20%,1.2,final_ai_share,0.35146666666666665,0.3471335488214795,0.3557997845118538,20
mode_value_learning_rate,+20%,1.2,final_hybrid_share,0.24838888888888885,0.2451187887115206,0.2516589890662571,20
mode_value_learning_rate,+20%,1.2,final_human_interaction_rate,0.6485333333333333,0.6442002154881461,0.6528664511785205,20
mode_value_learning_rate,+20%,1.2,final_ai_use_rate,0.5998555555555556,0.5955082878678989,0.6042028232432123,20
mode_value_learning_rate,+20%,1.2,final_mean_quality,0.5891868738389625,0.5863979552284992,0.5919757924494258,20
mode_value_learning_rate,+20%,1.2,final_success_rate,0.4278777777777778,0.41983781905316503,0.4359177365023906,20
mode_value_learning_rate,+20%,1.2,final_mean_knowledge,0.6455799004328757,0.6416274290635152,0.6495323718022362,20
mode_value_learning_rate,+20%,1.2,final_knowledge_gini,0.08126649722927444,0.07921955123620017,0.08331344322234871,20
mode_value_learning_rate,+20%,1.2,final_knowledge_rank_corr_with_initial,0.9895047358786258,0.9888380664495661,0.9901714053076854,20
mode_value_learning_rate,+20%,1.2,final_performance_gini,0.0995808277271796,0.09853572611998389,0.10062592933437532,20
mode_value_learning_rate,+20%,1.2,final_mean_ai_trust,0.5939475010777197,0.5935544943619442,0.5943405077934951,20
mode_value_learning_rate,+20%,1.2,final_mean_peer_trust,0.5640496753454208,0.5613331351406476,0.566766215550194,20
mode_value_learning_rate,+20%,1.2,final_mean_tie_strength,0.4351212946772575,0.4340699566533469,0.43617263270116813,20
mode_value_learning_rate,+20%,1.2,final_network_density,0.056909373060211,0.0567864329477591,0.057032313172662906,20
mode_value_learning_rate,+20%,1.2,final_mean_weighted_degree,4.432417453339364,4.418471910822588,4.44636299585614,20
mode_value_learning_rate,+20%,1.2,final_recent_active_tie_fraction,0.9148443595379829,0.9116150416410267,0.9180736774349392,20
mode_value_learning_rate,+20%,1.2,final_mean_unique_peer_partners,10.679622222222223,10.638974171239486,10.72027027320496,20
mode_value_learning_rate,+20%,1.2,final_mean_peer_marginal,0.00792266527497851,0.007590467103274512,0.008254863446682506,20
mode_value_learning_rate,+20%,1.2,final_mean_ai_availability_probability,0.9130001396225707,0.9119007619146877,0.9140995173304536,20
mode_value_learning_rate,+20%,1.2,edge_retention_ratio,1.0,1.0,1.0,20
mode_value_learning_rate,+20%,1.2,edge_count_ratio,1.020611111111111,1.0184277282199523,1.0227944940022695,20
mode_value_learning_rate,+20%,1.2,new_edge_ratio,0.02061111111111107,0.01842772821995255,0.02279449400226959,20
mode_value_learning_rate,+20%,1.2,strong_tie_fraction,0.6354779454207194,0.6283679027091256,0.6425879881323133,20
mode_value_learning_rate,-20%,0.8,final_peer_share,0.3956333333333332,0.38908254152943067,0.4021841251372358,20
mode_value_learning_rate,-20%,0.8,final_ai_share,0.3551444444444444,0.3493238560436792,0.36096503284520953,20
mode_value_learning_rate,-20%,0.8,final_hybrid_share,0.24922222222222223,0.24521722822177014,0.25322721622267436,20
mode_value_learning_rate,-20%,0.8,final_human_interaction_rate,0.6448555555555556,0.6390349671547905,0.6506761439563208,20
mode_value_learning_rate,-20%,0.8,final_ai_use_rate,0.6043666666666667,0.5978158748627641,0.6109174584705693,20
mode_value_learning_rate,-20%,0.8,final_mean_quality,0.5894860159924321,0.5866684060370815,0.5923036259477827,20
mode_value_learning_rate,-20%,0.8,final_success_rate,0.4299555555555556,0.4219043372969677,0.4380067738141435,20
mode_value_learning_rate,-20%,0.8,final_mean_knowledge,0.6455380562517733,0.6415933524978362,0.6494827600057104,20
mode_value_learning_rate,-20%,0.8,final_knowledge_gini,0.08126150279891153,0.07927834268194801,0.08324466291587505,20
mode_value_learning_rate,-20%,0.8,final_knowledge_rank_corr_with_initial,0.9892955111162174,0.9886054479937643,0.9899855742386705,20
mode_value_learning_rate,-20%,0.8,final_performance_gini,0.0996640802972709,0.09880167695311966,0.10052648364142215,20
mode_value_learning_rate,-20%,0.8,final_mean_ai_trust,0.5938883824729048,0.593421816868324,0.5943549480774856,20
mode_value_learning_rate,-20%,0.8,final_mean_peer_trust,0.5635278506278992,0.560803968695681,0.5662517325601174,20
mode_value_learning_rate,-20%,0.8,final_mean_tie_strength,0.4349310198426246,0.43374904584874385,0.43611299383650537,20
mode_value_learning_rate,-20%,0.8,final_network_density,0.056943513345747945,0.05682814404681835,0.05705888264467754,20
mode_value_learning_rate,-20%,0.8,final_mean_weighted_degree,4.4331031206157485,4.42132672425417,4.444879516977327,20
mode_value_learning_rate,-20%,0.8,final_recent_active_tie_fraction,0.9129813901956613,0.9104728651604934,0.9154899152308291,20
mode_value_learning_rate,-20%,0.8,final_mean_unique_peer_partners,10.702666666666666,10.662692221056906,10.742641112276425,20
mode_value_learning_rate,-20%,0.8,final_mean_peer_marginal,0.007819274493241586,0.007478006874474276,0.008160542112008895,20
mode_value_learning_rate,-20%,0.8,final_mean_ai_availability_probability,0.9130001396225707,0.9119007619146877,0.9140995173304536,20
mode_value_learning_rate,-20%,0.8,edge_retention_ratio,1.0,1.0,1.0,20
mode_value_learning_rate,-20%,0.8,edge_count_ratio,1.021111111111111,1.0187191564780562,1.023503065744166,20
mode_value_learning_rate,-20%,0.8,new_edge_ratio,0.021111111111111074,0.018719156478056147,0.023503065744166,20
mode_value_learning_rate,-20%,0.8,strong_tie_fraction,0.6326192980841479,0.6255153709997459,0.6397232251685498,20
peer_communication_noise_sd,+20%,1.2,final_peer_share,0.4000333333333333,0.39519496012226685,0.40487170654439975,20
peer_communication_noise_sd,+20%,1.2,final_ai_share,0.35407777777777777,0.3491216448604546,0.35903391069510093,20
peer_communication_noise_sd,+20%,1.2,final_hybrid_share,0.24588888888888888,0.24217983359958994,0.2495979441781878,20
peer_communication_noise_sd,+20%,1.2,final_human_interaction_rate,0.6459222222222222,0.6409660893048991,0.6508783551395453,20
peer_communication_noise_sd,+20%,1.2,final_ai_use_rate,0.5999666666666668,0.5951282934556003,0.6048050398777333,20
peer_communication_noise_sd,+20%,1.2,final_mean_quality,0.5895290000345323,0.5866018260785694,0.5924561739904953,20
peer_communication_noise_sd,+20%,1.2,final_success_rate,0.42796666666666666,0.4187737153153795,0.43715961801795383,20
peer_communication_noise_sd,+20%,1.2,final_mean_knowledge,0.6458922333593057,0.6418992030562385,0.6498852636623729,20
peer_communication_noise_sd,+20%,1.2,final_knowledge_gini,0.0812358925812606,0.07922766364597263,0.08324412151654857,20
peer_communication_noise_sd,+20%,1.2,final_knowledge_rank_corr_with_initial,0.9893254169126143,0.9886469076862285,0.9900039261390001,20
peer_communication_noise_sd,+20%,1.2,final_performance_gini,0.09964447180030739,0.09891716766228542,0.10037177593832936,20
peer_communication_noise_sd,+20%,1.2,final_mean_ai_trust,0.5937198663515926,0.5932672699155166,0.5941724627876686,20
peer_communication_noise_sd,+20%,1.2,final_mean_peer_trust,0.56356299161911,0.5608769365814887,0.5662490466567314,20
peer_communication_noise_sd,+20%,1.2,final_mean_tie_strength,0.43510858070850367,0.4339704348271282,0.4362467265898791,20
peer_communication_noise_sd,+20%,1.2,final_network_density,0.05695816263190562,0.05686086727007732,0.05705545799373392,20
peer_communication_noise_sd,+20%,1.2,final_mean_weighted_degree,4.436070801070001,4.424064171123119,4.448077431016884,20
peer_communication_noise_sd,+20%,1.2,final_recent_active_tie_fraction,0.9141334146606057,0.9110949304557864,0.917171898865425,20
peer_communication_noise_sd,+20%,1.2,final_mean_unique_peer_partners,10.671777777777777,10.634524209705589,10.709031345849965,20
peer_communication_noise_sd,+20%,1.2,final_mean_peer_marginal,0.008230199762049886,0.007908798615755004,0.008551600908344767,20
peer_communication_noise_sd,+20%,1.2,final_mean_ai_availability_probability,0.9130001396225707,0.9119007619146877,0.9140995173304536,20
peer_communication_noise_sd,+20%,1.2,edge_retention_ratio,1.0,1.0,1.0,20
peer_communication_noise_sd,+20%,1.2,edge_count_ratio,1.021277777777778,1.0194274758877842,1.0231280796677718,20
peer_communication_noise_sd,+20%,1.2,new_edge_ratio,0.021277777777777732,0.01942747588778403,0.023128079667771435,20
peer_communication_noise_sd,+20%,1.2,strong_tie_fraction,0.6329273121960173,0.6252905177259768,0.6405641066660578,20
peer_communication_noise_sd,-20%,0.8,final_peer_share,0.3968666666666666,0.39272451801389346,0.4010088153194397,20
peer_communication_noise_sd,-20%,0.8,final_ai_share,0.3558444444444444,0.3511848297794746,0.3605040591094142,20
peer_communication_noise_sd,-20%,0.8,final_hybrid_share,0.2472888888888888,0.2435351156209333,0.25104266215684434,20
peer_communication_noise_sd,-20%,0.8,final_human_interaction_rate,0.6441555555555556,0.6394959408905858,0.6488151702205254,20
peer_communication_noise_sd,-20%,0.8,final_ai_use_rate,0.6031333333333333,0.5989911846805602,0.6072754819861064,20
peer_communication_noise_sd,-20%,0.8,final_mean_quality,0.5886932989958303,0.5857368517982968,0.5916497461933639,20
peer_communication_noise_sd,-20%,0.8,final_success_rate,0.42628888888888883,0.4168897501299662,0.43568802764781145,20
peer_communication_noise_sd,-20%,0.8,final_mean_knowledge,0.6452341453959384,0.6412853766876812,0.6491829141041956,20
peer_communication_noise_sd,-20%,0.8,final_knowledge_gini,0.08126694261577162,0.07924886461554144,0.0832850206160018,20
peer_communication_noise_sd,-20%,0.8,final_knowledge_rank_corr_with_initial,0.9892975647287008,0.9886347345922992,0.9899603948651023,20
peer_communication_noise_sd,-20%,0.8,final_performance_gini,0.0998598331736257,0.09884791185649222,0.10087175449075919,20
peer_communication_noise_sd,-20%,0.8,final_mean_ai_trust,0.5933525685735545,0.5928862815350984,0.5938188556120105,20
peer_communication_noise_sd,-20%,0.8,final_mean_peer_trust,0.5636754029989243,0.5610596880802524,0.5662911179175961,20
peer_communication_noise_sd,-20%,0.8,final_mean_tie_strength,0.43517492997646323,0.43392686559148197,0.4364229943614445,20
peer_communication_noise_sd,-20%,0.8,final_network_density,0.05683426443202975,0.05669872298879772,0.05696980587526178,20
peer_communication_noise_sd,-20%,0.8,final_mean_weighted_degree,4.427024962843789,4.4179350265879345,4.4361148990996435,20
peer_communication_noise_sd,-20%,0.8,final_recent_active_tie_fraction,0.911012143797878,0.9086578249376643,0.9133664626580916,20
peer_communication_noise_sd,-20%,0.8,final_mean_unique_peer_partners,10.660066666666665,10.622751913501347,10.697381419831984,20
peer_communication_noise_sd,-20%,0.8,final_mean_peer_marginal,0.007790059116879506,0.007447133973191865,0.008132984260567149,20
peer_communication_noise_sd,-20%,0.8,final_mean_ai_availability_probability,0.9130001396225707,0.9119007619146877,0.9140995173304536,20
peer_communication_noise_sd,-20%,0.8,edge_retention_ratio,1.0,1.0,1.0,20
peer_communication_noise_sd,-20%,0.8,edge_count_ratio,1.0191666666666666,1.0165265255899063,1.0218068077434268,20
peer_communication_noise_sd,-20%,0.8,new_edge_ratio,0.019166666666666617,0.016526525589906468,0.021806807743426766,20
peer_communication_noise_sd,-20%,0.8,strong_tie_fraction,0.633801717380605,0.6254058530575021,0.6421975817037079,20
peer_expertise_visibility,+20%,1.2,final_peer_share,0.3960888888888889,0.39052502200802597,0.4016527557697518,20
peer_expertise_visibility,+20%,1.2,final_ai_share,0.35478888888888893,0.34873847121307605,0.3608393065647018,20
peer_expertise_visibility,+20%,1.2,final_hybrid_share,0.2491222222222222,0.2443645087494299,0.2538799356950145,20
peer_expertise_visibility,+20%,1.2,final_human_interaction_rate,0.6452111111111112,0.6391606934352984,0.651261528786924,20
peer_expertise_visibility,+20%,1.2,final_ai_use_rate,0.6039111111111112,0.5983472442302482,0.6094749779919741,20
peer_expertise_visibility,+20%,1.2,final_mean_quality,0.5893843150839498,0.5864508397805164,0.5923177903873833,20
peer_expertise_visibility,+20%,1.2,final_success_rate,0.4284888888888888,0.4195566769070885,0.43742110087068914,20
peer_expertise_visibility,+20%,1.2,final_mean_knowledge,0.645675405256265,0.6417030096369923,0.6496478008755376,20
peer_expertise_visibility,+20%,1.2,final_knowledge_gini,0.08117298120132128,0.07915085046502454,0.08319511193761803,20
peer_expertise_visibility,+20%,1.2,final_knowledge_rank_corr_with_initial,0.9893890026699415,0.9886170738296788,0.9901609315102041,20
peer_expertise_visibility,+20%,1.2,final_performance_gini,0.09976875605392158,0.0987744109978955,0.10076310110994766,20
peer_expertise_visibility,+20%,1.2,final_mean_ai_trust,0.5942979992773916,0.5937814150702162,0.594814583484567,20
peer_expertise_visibility,+20%,1.2,final_mean_peer_trust,0.5640171259641648,0.5613203370957282,0.5667139148326014,20
peer_expertise_visibility,+20%,1.2,final_mean_tie_strength,0.43523272043466565,0.4341252024196094,0.4363402384497219,20
peer_expertise_visibility,+20%,1.2,final_network_density,0.05685536933581621,0.05673276287633802,0.0569779757952944,20
peer_expertise_visibility,+20%,1.2,final_mean_weighted_degree,4.429352324438094,4.416043511349149,4.442661137527039,20
peer_expertise_visibility,+20%,1.2,final_recent_active_tie_fraction,0.9099332400477362,0.906376903780238,0.9134895763152344,20
peer_expertise_visibility,+20%,1.2,final_mean_unique_peer_partners,10.680066666666667,10.643252206987336,10.716881126345998,20
peer_expertise_visibility,+20%,1.2,final_mean_peer_marginal,0.00791681190203368,0.007552441242025533,0.008281182562041826,20
peer_expertise_visibility,+20%,1.2,final_mean_ai_availability_probability,0.9130001396225707,0.9119007619146877,0.9140995173304536,20
peer_expertise_visibility,+20%,1.2,edge_retention_ratio,1.0,1.0,1.0,20
peer_expertise_visibility,+20%,1.2,edge_count_ratio,1.0189999999999997,1.0166811594379546,1.0213188405620448,20
peer_expertise_visibility,+20%,1.2,new_edge_ratio,0.018999999999999965,0.016681159437954764,0.021318840562045166,20
peer_expertise_visibility,+20%,1.2,strong_tie_fraction,0.6363186211956087,0.629277889639397,0.6433593527518203,20
peer_expertise_visibility,-20%,0.8,final_peer_share,0.3973888888888888,0.3938576333654817,0.4009201444122959,20
peer_expertise_visibility,-20%,0.8,final_ai_share,0.35357777777777777,0.3508942151380034,0.35626134041755214,20
peer_expertise_visibility,-20%,0.8,final_hybrid_share,0.2490333333333333,0.2457314590547077,0.25233520761195893,20
peer_expertise_visibility,-20%,0.8,final_human_interaction_rate,0.6464222222222221,0.6437386595824478,0.6491057848619964,20
peer_expertise_visibility,-20%,0.8,final_ai_use_rate,0.6026111111111112,0.5990798555877042,0.6061423666345183,20
peer_expertise_visibility,-20%,0.8,final_mean_quality,0.5891400802067842,0.586131129450978,0.5921490309625904,20
peer_expertise_visibility,-20%,0.8,final_success_rate,0.42652222222222214,0.4174125069385887,0.43563193750585555,20
peer_expertise_visibility,-20%,0.8,final_mean_knowledge,0.6455333149922843,0.6416007914078748,0.6494658385766937,20
peer_expertise_visibility,-20%,0.8,final_knowledge_gini,0.08129250009856238,0.07926306089802818,0.08332193929909659,20
peer_expertise_visibility,-20%,0.8,final_knowledge_rank_corr_with_initial,0.9891336528057275,0.9883898269533681,0.989877478658087,20
peer_expertise_visibility,-20%,0.8,final_performance_gini,0.0996296693366886,0.0984628455526152,0.100796493120762,20
peer_expertise_visibility,-20%,0.8,final_mean_ai_trust,0.5937509630843338,0.5932117591930374,0.5942901669756303,20
peer_expertise_visibility,-20%,0.8,final_mean_peer_trust,0.5636105345487594,0.5609702351207723,0.5662508339767466,20
peer_expertise_visibility,-20%,0.8,final_mean_tie_strength,0.4351180971860885,0.4340207707658543,0.4362154236063227,20
peer_expertise_visibility,-20%,0.8,final_network_density,0.056897206703910574,0.05678646015189188,0.05700795325592927,20
peer_expertise_visibility,-20%,0.8,final_mean_weighted_degree,4.431422771501541,4.420250707006192,4.442594835996891,20
peer_expertise_visibility,-20%,0.8,final_recent_active_tie_fraction,0.914179576911278,0.9124523194337182,0.9159068343888379,20
peer_expertise_visibility,-20%,0.8,final_mean_unique_peer_partners,10.662355555555553,10.633554358870104,10.691156752241003,20
peer_expertise_visibility,-20%,0.8,final_mean_peer_marginal,0.007838337894811486,0.007551450294574997,0.008125225495047975,20
peer_expertise_visibility,-20%,0.8,final_mean_ai_availability_probability,0.9130001396225707,0.9119007619146877,0.9140995173304536,20
peer_expertise_visibility,-20%,0.8,edge_retention_ratio,1.0,1.0,1.0,20
peer_expertise_visibility,-20%,0.8,edge_count_ratio,1.0200555555555557,1.0179450942703607,1.0221660168407507,20
peer_expertise_visibility,-20%,0.8,new_edge_ratio,0.02005555555555551,0.017945094270360586,0.022166016840750435,20
peer_expertise_visibility,-20%,0.8,strong_tie_fraction,0.6340749785829114,0.627215989735763,0.6409339674300598,20
peer_max_transfer_efficiency,+20%,1.2,final_peer_share,0.3991222222222222,0.39422313918697033,0.4040213052574741,20
peer_max_transfer_efficiency,+20%,1.2,final_ai_share,0.3507,0.34557101914608596,0.35582898085391407,20
peer_max_transfer_efficiency,+20%,1.2,final_hybrid_share,0.2501777777777777,0.24530735046657867,0.2550482050889768,20
peer_max_transfer_efficiency,+20%,1.2,final_human_interaction_rate,0.6493,0.644171019146086,0.654428980853914,20
peer_max_transfer_efficiency,+20%,1.2,final_ai_use_rate,0.6008777777777778,0.595978694742526,0.6057768608130297,20
peer_max_transfer_efficiency,+20%,1.2,final_mean_quality,0.5922242801770604,0.5891084607541408,0.59534009959998,20
peer_max_transfer_efficiency,+20%,1.2,final_success_rate,0.4381777777777778,0.42806798408002034,0.4482875714755352,20
peer_max_transfer_efficiency,+20%,1.2,final_mean_knowledge,0.6482085385807641,0.6441104973669343,0.6523065797945939,20
peer_max_transfer_efficiency,+20%,1.2,final_knowledge_gini,0.07971786462990713,0.07769400816628139,0.08174172109353287,20
peer_max_transfer_efficiency,+20%,1.2,final_knowledge_rank_corr_with_initial,0.9881156660193187,0.9872699292817825,0.9889614027568548,20
peer_max_transfer_efficiency,+20%,1.2,final_performance_gini,0.09767804990616427,0.09677837904377022,0.09857772076855832,20
peer_max_transfer_efficiency,+20%,1.2,final_mean_ai_trust,0.593741439250695,0.5931663324219637,0.5943165460794263,20
peer_max_transfer_efficiency,+20%,1.2,final_mean_peer_trust,0.5654202004671098,0.5626034601909172,0.5682369407433024,20
peer_max_transfer_efficiency,+20%,1.2,final_mean_tie_strength,0.4360312983989715,0.4348824079457145,0.4371801888522285,20
peer_max_transfer_efficiency,+20%,1.2,final_network_density,0.0570761018001241,0.05693417254426845,0.05721803105597976,20
peer_max_transfer_efficiency,+20%,1.2,final_mean_weighted_degree,4.4546766728162766,4.440593268085876,4.468760077546677,20
peer_max_transfer_efficiency,+20%,1.2,final_recent_active_tie_fraction,0.9139483767760079,0.9111550449551389,0.916741708596877,20
peer_max_transfer_efficiency,+20%,1.2,final_mean_unique_peer_partners,10.704400000000003,10.659088318569614,10.749711681430393,20
peer_max_transfer_efficiency,+20%,1.2,final_mean_peer_marginal,0.009568501177535622,0.009163322328247929,0.009973680026823315,20
peer_max_transfer_efficiency,+20%,1.2,final_mean_ai_availability_probability,0.9130001396225707,0.9119007619146877,0.9140995173304536,20
peer_max_transfer_efficiency,+20%,1.2,edge_retention_ratio,1.0,1.0,1.0,20
peer_max_transfer_efficiency,+20%,1.2,edge_count_ratio,1.0235,1.0208309073787678,1.0261690926212323,20
peer_max_transfer_efficiency,+20%,1.2,new_edge_ratio,0.02349999999999996,0.020830907378767662,0.026169092621232255,20
peer_max_transfer_efficiency,+20%,1.2,strong_tie_fraction,0.638367096818904,0.6315072753003728,0.6452269183374353,20
peer_max_transfer_efficiency,-20%,0.8,final_peer_share,0.38589999999999997,0.38064165272310885,0.3911583472768911,20
peer_max_transfer_efficiency,-20%,0.8,final_ai_share,0.3630666666666666,0.3574176856806937,0.3687156476526395,20
peer_max_transfer_efficiency,-20%,0.8,final_hybrid_share,0.25103333333333333,0.24757285192589037,0.2544938147407763,20
peer_max_transfer_efficiency,-20%,0.8,final_human_interaction_rate,0.6369333333333334,0.6312843523473605,0.6425823143193062,20
peer_max_transfer_efficiency,-20%,0.8,final_ai_use_rate,0.6141,0.6088416527231089,0.6193583472768911,20
peer_max_transfer_efficiency,-20%,0.8,final_mean_quality,0.5864473202468541,0.5834719688187837,0.5894226716749245,20
peer_max_transfer_efficiency,-20%,0.8,final_success_rate,0.42086666666666667,0.41174498392244824,0.4299883494108851,20
peer_max_transfer_efficiency,-20%,0.8,final_mean_knowledge,0.6428225138916123,0.6389566527573238,0.6466883750259007,20
peer_max_transfer_efficiency,-20%,0.8,final_knowledge_gini,0.08271376207059637,0.080614313392832,0.08481321074836075,20
peer_max_transfer_efficiency,-20%,0.8,final_knowledge_rank_corr_with_initial,0.9903710501994516,0.9896791015055981,0.9910629988933051,20
peer_max_transfer_efficiency,-20%,0.8,final_performance_gini,0.1008832458957867,0.09979613062908961,0.1019703611624838,20
peer_max_transfer_efficiency,-20%,0.8,final_mean_ai_trust,0.5936642971627238,0.5932089323232682,0.5941196620021795,20
peer_max_transfer_efficiency,-20%,0.8,final_mean_peer_trust,0.5618207091093064,0.5591671756183555,0.5644742426002572,20
peer_max_transfer_efficiency,-20%,0.8,final_mean_tie_strength,0.43365171623229976,0.43254384972053694,0.43475958274406257,20
peer_max_transfer_efficiency,-20%,0.8,final_network_density,0.0568803227808814,0.056796117327233456,0.05696452823452934,20
peer_max_transfer_efficiency,-20%,0.8,final_mean_weighted_degree,4.415191070479816,4.403581506689704,4.426800634269927,20
peer_max_transfer_efficiency,-20%,0.8,final_recent_active_tie_fraction,0.9103031963412305,0.9076173869396539,0.9129890057428071,20
peer_max_transfer_efficiency,-20%,0.8,final_mean_unique_peer_partners,10.680955555555556,10.649678326274975,10.712232784836138,20
peer_max_transfer_efficiency,-20%,0.8,final_mean_peer_marginal,0.005937630242808145,0.005730319336069757,0.006144941149546533,20
peer_max_transfer_efficiency,-20%,0.8,final_mean_ai_availability_probability,0.9130001396225707,0.9119007619146877,0.9140995173304536,20
peer_max_transfer_efficiency,-20%,0.8,edge_retention_ratio,1.0,1.0,1.0,20
peer_max_transfer_efficiency,-20%,0.8,edge_count_ratio,1.0196666666666665,1.0181194436851029,1.0212138896482301,20
peer_max_transfer_efficiency,-20%,0.8,new_edge_ratio,0.019666666666666624,0.018119443685102897,0.02121388964823035,20
peer_max_transfer_efficiency,-20%,0.8,strong_tie_fraction,0.624510654133705,0.617312546384365,0.631708761883045,20
reference,reference,1.0,final_peer_share,0.3956666666666666,0.392129189619677,0.3992041437136562,20
reference,reference,1.0,final_ai_share,0.3535333333333333,0.34924611418715407,0.35782055247951255,20
reference,reference,1.0,final_hybrid_share,0.2508,0.2475282420167682,0.25407175798323184,20
reference,reference,1.0,final_human_interaction_rate,0.6464666666666667,0.6421794475204875,0.650753885812846,20
reference,reference,1.0,final_ai_use_rate,0.6043333333333333,0.6007958562863437,0.6078708103803229,20
reference,reference,1.0,final_mean_quality,0.5892713932625464,0.586450785943758,0.5920920005813348,20
reference,reference,1.0,final_success_rate,0.42763333333333337,0.4194747391335704,0.4357919275330963,20
reference,reference,1.0,final_mean_knowledge,0.6455210646034021,0.6415263353341056,0.6495157938726985,20
reference,reference,1.0,final_knowledge_gini,0.08131524704963691,0.0792949727132402,0.08333552138603363,20
reference,reference,1.0,final_knowledge_rank_corr_with_initial,0.9894485821171468,0.9888225142545914,0.9900746499797022,20
reference,reference,1.0,final_performance_gini,0.09985449231230296,0.09878253344658985,0.10092645117801607,20
reference,reference,1.0,final_mean_ai_trust,0.5935489235867258,0.592876750697122,0.5942210964763297,20
reference,reference,1.0,final_mean_peer_trust,0.563483162522316,0.5607439478931018,0.5662223771515302,20
reference,reference,1.0,final_mean_tie_strength,0.4348825634717941,0.433857882920852,0.43590724402273623,20
reference,reference,1.0,final_network_density,0.05699540657976408,0.056906305137532656,0.05708450802199551,20
reference,reference,1.0,final_mean_weighted_degree,4.436705003998014,4.423769989533685,4.449640018462343,20
reference,reference,1.0,final_recent_active_tie_fraction,0.9122816825882388,0.9093119497623112,0.9152514154141664,20
reference,reference,1.0,final_mean_unique_peer_partners,10.68622222222222,10.645566064236526,10.726878380207914,20
reference,reference,1.0,final_mean_peer_marginal,0.007799726128792016,0.007509504646608737,0.008089947610975295,20
reference,reference,1.0,final_mean_ai_availability_probability,0.9130001396225707,0.9119007619146877,0.9140995173304536,20
reference,reference,1.0,edge_retention_ratio,1.0,1.0,1.0,20
reference,reference,1.0,edge_count_ratio,1.0216666666666665,1.019739318542496,1.023594014790837,20
reference,reference,1.0,new_edge_ratio,0.021666666666666626,0.01973931854249622,0.02359401479083703,20
reference,reference,1.0,strong_tie_fraction,0.6315414312676955,0.624917945035601,0.6381649174997899,20
task_similarity_temperature,+20%,1.2,final_peer_share,0.39952222222222217,0.39491356834395147,0.40413087610049286,20
task_similarity_temperature,+20%,1.2,final_ai_share,0.3547333333333333,0.34988041235415074,0.35958625431251584,20
task_similarity_temperature,+20%,1.2,final_hybrid_share,0.24574444444444446,0.2423616634809177,0.24912722540797122,20
task_similarity_temperature,+20%,1.2,final_human_interaction_rate,0.6452666666666667,0.6404137456874841,0.6501195876458492,20
task_similarity_temperature,+20%,1.2,final_ai_use_rate,0.6004777777777779,0.5958691238995072,0.6050864316560486,20
task_similarity_temperature,+20%,1.2,final_mean_quality,0.588851527715575,0.5858027541053312,0.5919003013258188,20
task_similarity_temperature,+20%,1.2,final_success_rate,0.4258222222222222,0.41697280383861896,0.43467164060582547,20
task_similarity_temperature,+20%,1.2,final_mean_knowledge,0.6455498596145712,0.641648442675667,0.6494512765534755,20
task_similarity_temperature,+20%,1.2,final_knowledge_gini,0.08129957223023035,0.07930529905409224,0.08329384540636846,20
task_similarity_temperature,+20%,1.2,final_knowledge_rank_corr_with_initial,0.989307344563548,0.9885755302532789,0.990039158873817,20
task_similarity_temperature,+20%,1.2,final_performance_gini,0.09963064359099152,0.09871602651269525,0.1005452606692878,20
task_similarity_temperature,+20%,1.2,final_mean_ai_trust,0.5939294636109992,0.5935008186588062,0.5943581085631922,20
task_similarity_temperature,+20%,1.2,final_mean_peer_trust,0.5638604470491411,0.5611472401943258,0.5665736539039563,20
task_similarity_temperature,+20%,1.2,final_mean_tie_strength,0.43531185936927796,0.4342361776968941,0.43638754104166183,20
task_similarity_temperature,+20%,1.2,final_network_density,0.056805959031657305,0.05671294299877859,0.05689897506453602,20
task_similarity_temperature,+20%,1.2,final_mean_weighted_degree,4.426307770943642,4.4135143287712815,4.439101213116002,20
task_similarity_temperature,+20%,1.2,final_recent_active_tie_fraction,0.9117604116067003,0.9097414729300591,0.9137793502833415,20
task_similarity_temperature,+20%,1.2,final_mean_unique_peer_partners,10.69068888888889,10.649267348759471,10.732110429018308,20
task_similarity_temperature,+20%,1.2,final_mean_peer_marginal,0.007848488475725923,0.007492414191838845,0.008204562759613001,20
task_similarity_temperature,+20%,1.2,final_mean_ai_availability_probability,0.9130001396225707,0.9119007619146877,0.9140995173304536,20
task_similarity_temperature,+20%,1.2,edge_retention_ratio,1.0,1.0,1.0,20
task_similarity_temperature,+20%,1.2,edge_count_ratio,1.018611111111111,1.0168833213479227,1.0203389008742991,20
task_similarity_temperature,+20%,1.2,new_edge_ratio,0.018611111111111068,0.016883321347922767,0.02033890087429937,20
task_similarity_temperature,+20%,1.2,strong_tie_fraction,0.6353042408716019,0.6276746402721894,0.6429338414710143,20
task_similarity_temperature,-20%,0.8,final_peer_share,0.3930555555555556,0.3869377292335306,0.3991733818775806,20
task_similarity_temperature,-20%,0.8,final_ai_share,0.35724444444444436,0.3519957497868123,0.3624931391020764,20
task_similarity_temperature,-20%,0.8,final_hybrid_share,0.24969999999999998,0.246611396132948,0.252788603867052,20
task_similarity_temperature,-20%,0.8,final_human_interaction_rate,0.6427555555555555,0.6375068608979235,0.6480042502131875,20
task_similarity_temperature,-20%,0.8,final_ai_use_rate,0.6069444444444445,0.6008266181224196,0.6130622707664695,20
task_similarity_temperature,-20%,0.8,final_mean_quality,0.5893368897381357,0.586410766900088,0.5922630125761834,20
task_similarity_temperature,-20%,0.8,final_success_rate,0.4300999999999998,0.42044189908783564,0.439758100912164,20
task_similarity_temperature,-20%,0.8,final_mean_knowledge,0.6455086084416234,0.6415840465581963,0.6494331703250504,20
task_similarity_temperature,-20%,0.8,final_knowledge_gini,0.0813351263785335,0.07927147660836871,0.0833987761486983,20
task_similarity_temperature,-20%,0.8,final_knowledge_rank_corr_with_initial,0.9894376423863468,0.9886814937851313,0.9901937909875623,20
task_similarity_temperature,-20%,0.8,final_performance_gini,0.09947044114318018,0.09852051442605772,0.10042036786030265,20
task_similarity_temperature,-20%,0.8,final_mean_ai_trust,0.5934381470036947,0.5929798553064424,0.593896438700947,20
task_similarity_temperature,-20%,0.8,final_mean_peer_trust,0.5636558581590653,0.5609168746576795,0.5663948416604511,20
task_similarity_temperature,-20%,0.8,final_mean_tie_strength,0.43513757687807086,0.434043222346042,0.43623193141009975,20
task_similarity_temperature,-20%,0.8,final_network_density,0.056897330850403424,0.05679206966456773,0.05700259203623912,20
task_similarity_temperature,-20%,0.8,final_mean_weighted_degree,4.431651266903347,4.418317351241475,4.444985182565219,20
task_similarity_temperature,-20%,0.8,final_recent_active_tie_fraction,0.9121905377687181,0.9085626802712977,0.9158183952661384,20
task_similarity_temperature,-20%,0.8,final_mean_unique_peer_partners,10.647622222222221,10.618464964997147,10.676779479447296,20
task_similarity_temperature,-20%,0.8,final_mean_peer_marginal,0.007966119013727848,0.007597382087316073,0.008334855940139623,20
task_similarity_temperature,-20%,0.8,final_mean_ai_availability_probability,0.9130001396225707,0.9119007619146877,0.9140995173304536,20
task_similarity_temperature,-20%,0.8,edge_retention_ratio,1.0,1.0,1.0,20
task_similarity_temperature,-20%,0.8,edge_count_ratio,1.0200555555555555,1.018020627344731,1.02209048376638,20
task_similarity_temperature,-20%,0.8,new_edge_ratio,0.0200555555555555,0.018020627344730974,0.022090483766380026,20
task_similarity_temperature,-20%,0.8,strong_tie_fraction,0.63461277811031,0.6275232312821387,0.6417023249384813,20
tie_decay,+20%,1.2,final_peer_share,0.3978555555555555,0.3932296400713215,0.40248147103978954,20
tie_decay,+20%,1.2,final_ai_share,0.3535222222222222,0.3476543888409319,0.35939005560351245,20
tie_decay,+20%,1.2,final_hybrid_share,0.24862222222222216,0.24466972605898996,0.25257471838545437,20
tie_decay,+20%,1.2,final_human_interaction_rate,0.6464777777777777,0.6406099443964874,0.652345611159068,20
tie_decay,+20%,1.2,final_ai_use_rate,0.6021444444444445,0.5975185289602104,0.6067703599286786,20
tie_decay,+20%,1.2,final_mean_quality,0.5894947903316393,0.5863826997468571,0.5926068809164216,20
tie_decay,+20%,1.2,final_success_rate,0.42845555555555553,0.41856229696506964,0.43834881414604143,20
tie_decay,+20%,1.2,final_mean_knowledge,0.6453741188953163,0.6414110884149719,0.6493371493756607,20
tie_decay,+20%,1.2,final_knowledge_gini,0.08132680769953228,0.07927415754620613,0.08337945785285843,20
tie_decay,+20%,1.2,final_knowledge_rank_corr_with_initial,0.989547010762122,0.9888174957065643,0.9902765258176798,20
tie_decay,+20%,1.2,final_performance_gini,0.0997507395531684,0.09894116607424847,0.10056031303208834,20
tie_decay,+20%,1.2,final_mean_ai_trust,0.5936268908203551,0.592990612923578,0.5942631687171323,20
tie_decay,+20%,1.2,final_mean_peer_trust,0.5632730612754822,0.5604729057014475,0.5660732168495168,20
tie_decay,+20%,1.2,final_mean_tie_strength,0.4145245574712753,0.41336578359126447,0.41568333135128616,20
tie_decay,+20%,1.2,final_network_density,0.057013904407200444,0.056916809125592605,0.057110999688808284,20
tie_decay,+20%,1.2,final_mean_weighted_degree,4.2303009857998966,4.220790962185654,4.239811009414139,20
tie_decay,+20%,1.2,final_recent_active_tie_fraction,0.914255691876732,0.9112001481342793,0.9173112356191846,20
tie_decay,+20%,1.2,final_mean_unique_peer_partners,10.68671111111111,10.648807602805064,10.724614619417157,20
tie_decay,+20%,1.2,final_mean_peer_marginal,0.00755554282888891,0.007191565179641269,0.00791952047813655,20
tie_decay,+20%,1.2,final_mean_ai_availability_probability,0.9130001396225707,0.9119007619146877,0.9140995173304536,20
tie_decay,+20%,1.2,edge_retention_ratio,1.0,1.0,1.0,20
tie_decay,+20%,1.2,edge_count_ratio,1.0222777777777778,1.020410630251005,1.0241449253045507,20
tie_decay,+20%,1.2,new_edge_ratio,0.022277777777777737,0.020410630251004962,0.02414492530455051,20
tie_decay,+20%,1.2,strong_tie_fraction,0.5250021962088842,0.516682556619207,0.5333218357985614,20
tie_decay,-20%,0.8,final_peer_share,0.3986333333333333,0.39423516012790494,0.40303150653876163,20
tie_decay,-20%,0.8,final_ai_share,0.3503666666666666,0.34575813631814023,0.354975197015193,20
tie_decay,-20%,0.8,final_hybrid_share,0.251,0.2469300036991111,0.2550699963008889,20
tie_decay,-20%,0.8,final_human_interaction_rate,0.6496333333333333,0.6450248029848069,0.6542418636818597,20
tie_decay,-20%,0.8,final_ai_use_rate,0.6013666666666667,0.5969684934612384,0.6057648398720951,20
tie_decay,-20%,0.8,final_mean_quality,0.5891700606700314,0.58623533953858,0.5921047818014828,20
tie_decay,-20%,0.8,final_success_rate,0.42732222222222216,0.4179651900819696,0.43667925436247473,20
tie_decay,-20%,0.8,final_mean_knowledge,0.6456573334327317,0.6417087329051188,0.6496059339603446,20
tie_decay,-20%,0.8,final_knowledge_gini,0.08120558776444223,0.0792181793885326,0.08319299614035186,20
tie_decay,-20%,0.8,final_knowledge_rank_corr_with_initial,0.9893443996664578,0.9886227522479231,0.9900660470849926,20
tie_decay,-20%,0.8,final_performance_gini,0.09959821776116425,0.09860685506919117,0.10058958045313732,20
tie_decay,-20%,0.8,final_mean_ai_trust,0.5933801727202419,0.5928468245132661,0.5939135209272177,20
tie_decay,-20%,0.8,final_mean_peer_trust,0.5638830491304397,0.5611998073468157,0.5665662909140637,20
tie_decay,-20%,0.8,final_mean_tie_strength,0.45638084369897847,0.45521453410938145,0.4575471532885755,20
tie_decay,-20%,0.8,final_network_density,0.05688888888888884,0.056744114539556266,0.05703366323822142,20
tie_decay,-20%,0.8,final_mean_weighted_degree,4.6472980319552954,4.63289507880757,4.661700985103021,20
tie_decay,-20%,0.8,final_recent_active_tie_fraction,0.9127868081452972,0.9094868446973211,0.9160867715932733,20
tie_decay,-20%,0.8,final_mean_unique_peer_partners,10.674222222222223,10.623810174889753,10.724634269554693,20
tie_decay,-20%,0.8,final_mean_peer_marginal,0.008036923172567649,0.007675725833812575,0.008398120511322722,20
tie_decay,-20%,0.8,final_mean_ai_availability_probability,0.9130001396225707,0.9119007619146877,0.9140995173304536,20
tie_decay,-20%,0.8,edge_retention_ratio,1.0,1.0,1.0,20
tie_decay,-20%,0.8,edge_count_ratio,1.0197777777777774,1.0169667532147115,1.0225888023408434,20
tie_decay,-20%,0.8,new_edge_ratio,0.01977777777777773,0.01696675321471177,0.02258880234084369,20
tie_decay,-20%,0.8,strong_tie_fraction,0.7353878687486739,0.7274061444978628,0.743369592999485,20
tie_reinforcement_rate,+20%,1.2,final_peer_share,0.39675555555555553,0.3929880367033983,0.40052307440771273,20
tie_reinforcement_rate,+20%,1.2,final_ai_share,0.35208888888888884,0.34834486486951954,0.35583291290825814,20
tie_reinforcement_rate,+20%,1.2,final_hybrid_share,0.25115555555555547,0.24736706100998623,0.2549440501011247,20
tie_reinforcement_rate,+20%,1.2,final_human_interaction_rate,0.647911111111111,0.6441670870917416,0.6516551351304803,20
tie_reinforcement_rate,+20%,1.2,final_ai_use_rate,0.6032444444444445,0.5994769255922873,0.6070119632966017,20
tie_reinforcement_rate,+20%,1.2,final_mean_quality,0.5893521962409425,0.5865085067736049,0.5921958857082801,20
tie_reinforcement_rate,+20%,1.2,final_success_rate,0.42863333333333326,0.418631691497021,0.4386349751696455,20
tie_reinforcement_rate,+20%,1.2,final_mean_knowledge,0.6455191920032652,0.6415750489599692,0.6494633350465613,20
tie_reinforcement_rate,+20%,1.2,final_knowledge_gini,0.08127969672337435,0.07924648586102963,0.08331290758571906,20
tie_reinforcement_rate,+20%,1.2,final_knowledge_rank_corr_with_initial,0.9894349136784356,0.9887310236650274,0.9901388036918438,20
tie_reinforcement_rate,+20%,1.2,final_performance_gini,0.09971291639058551,0.09882305689404702,0.10060277588712399,20
tie_reinforcement_rate,+20%,1.2,final_mean_ai_trust,0.5939868229239658,0.5934846048117121,0.5944890410362195,20
tie_reinforcement_rate,+20%,1.2,final_mean_peer_trust,0.5637743260860443,0.5610080028732383,0.5665406492988503,20
tie_reinforcement_rate,+20%,1.2,final_mean_tie_strength,0.4366278957724571,0.4355674499670052,0.437688341577909,20
tie_reinforcement_rate,+20%,1.2,final_network_density,0.05685747982619486,0.056723096230782685,0.05699186342160703,20
tie_reinforcement_rate,+20%,1.2,final_mean_weighted_degree,4.443722528240415,4.429440418601243,4.458004637879587,20
tie_reinforcement_rate,+20%,1.2,final_recent_active_tie_fraction,0.9129640093225808,0.9093096223876127,0.9166183962575489,20
tie_reinforcement_rate,+20%,1.2,final_mean_unique_peer_partners,10.664288888888889,10.617491546517394,10.711086231260383,20
tie_reinforcement_rate,+20%,1.2,final_mean_peer_marginal,0.007714711053247515,0.007470685737574123,0.007958736368920907,20
tie_reinforcement_rate,+20%,1.2,final_mean_ai_availability_probability,0.9130001396225707,0.9119007619146877,0.9140995173304536,20
tie_reinforcement_rate,+20%,1.2,edge_retention_ratio,1.0,1.0,1.0,20
tie_reinforcement_rate,+20%,1.2,edge_count_ratio,1.0192777777777775,1.016932238280206,1.021623317275349,20
tie_reinforcement_rate,+20%,1.2,new_edge_ratio,0.019277777777777727,0.01693223828020624,0.021623317275349215,20
tie_reinforcement_rate,+20%,1.2,strong_tie_fraction,0.6419157710000988,0.6347886675188135,0.6490428744813841,20
tie_reinforcement_rate,-20%,0.8,final_peer_share,0.3953222222222222,0.3907518730016591,0.3998925714427853,20
tie_reinforcement_rate,-20%,0.8,final_ai_share,0.3532111111111111,0.34985770702109725,0.3565645152011249,20
tie_reinforcement_rate,-20%,0.8,final_hybrid_share,0.2514666666666666,0.24874299064739813,0.2541903426859351,20
tie_reinforcement_rate,-20%,0.8,final_human_interaction_rate,0.6467888888888889,0.643435484798875,0.6501422929789027,20
tie_reinforcement_rate,-20%,0.8,final_ai_use_rate,0.6046777777777778,0.6001074285572147,0.6092481269983409,20
tie_reinforcement_rate,-20%,0.8,final_mean_quality,0.5889857769995,0.5861511886799411,0.591820365319059,20
tie_reinforcement_rate,-20%,0.8,final_success_rate,0.42646666666666677,0.41729438369193644,0.4356389496413971,20
tie_reinforcement_rate,-20%,0.8,final_mean_knowledge,0.645523735763432,0.6415306311441588,0.6495168403827053,20
tie_reinforcement_rate,-20%,0.8,final_knowledge_gini,0.08129688461831452,0.07930029998718945,0.0832934692494396,20
tie_reinforcement_rate,-20%,0.8,final_knowledge_rank_corr_with_initial,0.9894991909875287,0.9888593682591711,0.9901390137158863,20
tie_reinforcement_rate,-20%,0.8,final_performance_gini,0.0995455625665264,0.098590215972341,0.1005009091607118,20
tie_reinforcement_rate,-20%,0.8,final_mean_ai_trust,0.5939716395601146,0.5934666199917698,0.5944766591284594,20
tie_reinforcement_rate,-20%,0.8,final_mean_peer_trust,0.5634755854606628,0.5607125534519545,0.5662386174693711,20
tie_reinforcement_rate,-20%,0.8,final_mean_tie_strength,0.43343381088972094,0.4323641448373059,0.434503476942136,20
tie_reinforcement_rate,-20%,0.8,final_network_density,0.056994785847299764,0.056847189621108886,0.05714238207349064,20
tie_reinforcement_rate,-20%,0.8,final_mean_weighted_degree,4.421848056440882,4.407322921456678,4.436373191425086,20
tie_reinforcement_rate,-20%,0.8,final_recent_active_tie_fraction,0.9114993887462471,0.909590173645749,0.9134086038467453,20
tie_reinforcement_rate,-20%,0.8,final_mean_unique_peer_partners,10.704266666666665,10.668936863820074,10.739596469513257,20
tie_reinforcement_rate,-20%,0.8,final_mean_peer_marginal,0.0078042601252593154,0.00745025527845617,0.008158264972062462,20
tie_reinforcement_rate,-20%,0.8,final_mean_ai_availability_probability,0.9130001396225707,0.9119007619146877,0.9140995173304536,20
tie_reinforcement_rate,-20%,0.8,edge_retention_ratio,1.0,1.0,1.0,20
tie_reinforcement_rate,-20%,0.8,edge_count_ratio,1.0217222222222222,1.0190045149908769,1.0244399294535675,20
tie_reinforcement_rate,-20%,0.8,new_edge_ratio,0.021722222222222167,0.019004514990876787,0.024439929453567547,20
tie_reinforcement_rate,-20%,0.8,strong_tie_fraction,0.6239770786520163,0.6165373475627435,0.6314168097412892,20
trust_learning_rate,+20%,1.2,final_peer_share,0.40088888888888885,0.39524722919688104,0.40653054858089666,20
trust_learning_rate,+20%,1.2,final_ai_share,0.3510888888888889,0.3457503410609993,0.3564274367167785,20
trust_learning_rate,+20%,1.2,final_hybrid_share,0.24802222222222223,0.24434888692439982,0.25169555752004463,20
trust_learning_rate,+20%,1.2,final_human_interaction_rate,0.648911111111111,0.6435725632832214,0.6542496589390006,20
trust_learning_rate,+20%,1.2,final_ai_use_rate,0.5991111111111111,0.5934694514191033,0.604752770803119,20
trust_learning_rate,+20%,1.2,final_mean_quality,0.5891631554421293,0.5864806840487401,0.5918456268355184,20
trust_learning_rate,+20%,1.2,final_success_rate,0.4268111111111111,0.41933229280733736,0.4342899294148848,20
trust_learning_rate,+20%,1.2,final_mean_knowledge,0.6457420227210269,0.6417970547677244,0.6496869906743293,20
trust_learning_rate,+20%,1.2,final_knowledge_gini,0.08114643203908926,0.07913676439450767,0.08315609968367085,20
trust_learning_rate,+20%,1.2,final_knowledge_rank_corr_with_initial,0.9892565452457495,0.9884973209558836,0.9900157695356153,20
trust_learning_rate,+20%,1.2,final_performance_gini,0.0994793669367743,0.09849057048397152,0.10046816338957708,20
trust_learning_rate,+20%,1.2,final_mean_ai_trust,0.5934881482636482,0.5930634430563108,0.5939128534709855,20
trust_learning_rate,+20%,1.2,final_mean_peer_trust,0.5716116566658019,0.5685991643607644,0.5746241489708395,20
trust_learning_rate,+20%,1.2,final_mean_tie_strength,0.43516327655315407,0.43394865658534015,0.436377896520968,20
trust_learning_rate,+20%,1.2,final_network_density,0.05690639354438234,0.05676438065019851,0.057048406438566165,20
trust_learning_rate,+20%,1.2,final_mean_weighted_degree,4.432558101439476,4.421406048512333,4.443710154366618,20
trust_learning_rate,+20%,1.2,final_recent_active_tie_fraction,0.9140861827380794,0.910777646521581,0.9173947189545778,20
trust_learning_rate,+20%,1.2,final_mean_unique_peer_partners,10.671533333333333,10.637322330121156,10.705744336545509,20
trust_learning_rate,+20%,1.2,final_mean_peer_marginal,0.00805120001116719,0.007688470017872214,0.008413930004462165,20
trust_learning_rate,+20%,1.2,final_mean_ai_availability_probability,0.9130001396225707,0.9119007619146877,0.9140995173304536,20
trust_learning_rate,+20%,1.2,edge_retention_ratio,1.0,1.0,1.0,20
trust_learning_rate,+20%,1.2,edge_count_ratio,1.0199999999999998,1.0172900282561173,1.0227099717438823,20
trust_learning_rate,+20%,1.2,new_edge_ratio,0.019999999999999966,0.017290028256117442,0.02270997174388249,20
trust_learning_rate,+20%,1.2,strong_tie_fraction,0.6339262276026324,0.6257571312444892,0.6420953239607756,20
trust_learning_rate,-20%,0.8,final_peer_share,0.3936222222222222,0.38993586059752283,0.3973085838469216,20
trust_learning_rate,-20%,0.8,final_ai_share,0.3562555555555555,0.35210374580749226,0.3604073653036187,20
trust_learning_rate,-20%,0.8,final_hybrid_share,0.25012222222222225,0.24575976405610386,0.25448468038834066,20
trust_learning_rate,-20%,0.8,final_human_interaction_rate,0.6437444444444445,0.6395926346963813,0.6478962541925076,20
trust_learning_rate,-20%,0.8,final_ai_use_rate,0.6063777777777778,0.6026914161530784,0.6100641394024772,20
trust_learning_rate,-20%,0.8,final_mean_quality,0.5890632541768991,0.5860630259590353,0.5920634823947629,20
trust_learning_rate,-20%,0.8,final_success_rate,0.42785555555555554,0.4184630105514033,0.4372481005597078,20
trust_learning_rate,-20%,0.8,final_mean_knowledge,0.6454823133678633,0.641496208855475,0.6494684178802517,20
trust_learning_rate,-20%,0.8,final_knowledge_gini,0.08129662711913857,0.07927360154375199,0.08331965269452515,20
trust_learning_rate,-20%,0.8,final_knowledge_rank_corr_with_initial,0.9893418359202842,0.9886903408407229,0.9899933309998455,20
trust_learning_rate,-20%,0.8,final_performance_gini,0.0995654642730793,0.09851048555065839,0.10062044299550021,20
trust_learning_rate,-20%,0.8,final_mean_ai_trust,0.5937422999885282,0.593278349784654,0.5942062501924025,20
trust_learning_rate,-20%,0.8,final_mean_peer_trust,0.5546040514707565,0.5522272863892977,0.5569808165522153,20
trust_learning_rate,-20%,0.8,final_mean_tie_strength,0.4349653887748718,0.43374675570678084,0.43618402184296273,20
trust_learning_rate,-20%,0.8,final_network_density,0.056913469894475446,0.05679417613213048,0.05703276365682041,20
trust_learning_rate,-20%,0.8,final_mean_weighted_degree,4.431131910016801,4.418773901417041,4.443489918616561,20
trust_learning_rate,-20%,0.8,final_recent_active_tie_fraction,0.9108936154227409,0.9088452914660609,0.912941939379421,20
trust_learning_rate,-20%,0.8,final_mean_unique_peer_partners,10.688133333333333,10.644642210063196,10.73162445660347,20
trust_learning_rate,-20%,0.8,final_mean_peer_marginal,0.007781942206299906,0.007421219030011549,0.008142665382588262,20
trust_learning_rate,-20%,0.8,final_mean_ai_availability_probability,0.9130001396225707,0.9119007619146877,0.9140995173304536,20
trust_learning_rate,-20%,0.8,edge_retention_ratio,1.0,1.0,1.0,20
trust_learning_rate,-20%,0.8,edge_count_ratio,1.0198888888888888,1.0175639186820975,1.0222138590956802,20
trust_learning_rate,-20%,0.8,new_edge_ratio,0.019888888888888838,0.017563918682097432,0.022213859095680244,20
trust_learning_rate,-20%,0.8,strong_tie_fraction,0.6334252181613065,0.6259013166361138,0.6409491196864991,20
