dominant_requirement,mode,metric,mean,ci_low,ci_high,n
Requirement 1 dominant,AI-first,share,0.3822755669103171,0.3785396274722172,0.386011506348417,20
Requirement 1 dominant,Hybrid,share,0.2544555333445183,0.2524071757261977,0.25650389096283893,20
Requirement 1 dominant,Peer-first,share,0.3632688997451645,0.3594493351978953,0.36708846429243375,20
Requirement 2 dominant,AI-first,share,0.3623087731400462,0.3593847076294898,0.36523283865060263,20
Requirement 2 dominant,Hybrid,share,0.2561972625140174,0.25389644149545254,0.2584980835325823,20
Requirement 2 dominant,Peer-first,share,0.3814939643459364,0.3770702044270659,0.3859177242648069,20
Requirement 3 dominant,AI-first,share,0.37304472810400185,0.3684117460527688,0.37767771015523494,20
Requirement 3 dominant,Hybrid,share,0.2545303868341928,0.25142919440748346,0.2576315792609022,20
Requirement 3 dominant,Peer-first,share,0.3724248850618054,0.3679775029537276,0.37687226716988315,20
