shock_condition,metric,mean,ci_low,ci_high,n
Persistent drop,final_peer_share,0.44811851851851847,0.4449066913478591,0.45133034568917785,30
Persistent drop,final_ai_share,0.29477037037037035,0.29206870080620445,0.29747203993453625,30
Persistent drop,final_hybrid_share,0.25711111111111107,0.2539324052808229,0.26028981694139924,30
Persistent drop,final_human_interaction_rate,0.7052296296296297,0.7025279600654638,0.7079312991937955,30
Persistent drop,final_ai_use_rate,0.5518814814814815,0.5486696543108222,0.5550933086521409,30
Persistent drop,final_mean_quality,0.5774305767611292,0.5751876535580233,0.5796734999642351,30
Persistent drop,final_success_rate,0.39798518518518505,0.39166797681771903,0.4043023935526511,30
Persistent drop,final_mean_knowledge,0.6457155840023948,0.6426933645285542,0.6487378034762354,30
Persistent drop,final_knowledge_gini,0.08287773089727125,0.08124553109720042,0.08450993069734208,30
Persistent drop,final_knowledge_rank_corr_with_initial,0.9911500890534967,0.9906299983418504,0.9916701797651429,30
Persistent drop,final_performance_gini,0.10584387641506314,0.10510702717450476,0.10658072565562152,30
Persistent drop,final_mean_ai_trust,0.4110576418818017,0.4106839472958794,0.411431336467724,30
Persistent drop,final_mean_peer_trust,0.5676832985083261,0.5657552762595707,0.5696113207570815,30
Persistent drop,final_mean_tie_strength,0.4358183192014694,0.4347730004320448,0.436863637970894,30
Persistent drop,final_network_density,0.05711963583695422,0.05701507549167642,0.057224196182232026,30
Persistent drop,final_mean_weighted_degree,4.455845960346858,4.445823919275225,4.4658680014184915,30
Persistent drop,final_recent_active_tie_fraction,0.9313287779110732,0.9295763782114176,0.9330811776107287,30
Persistent drop,final_mean_unique_peer_partners,10.638962962962962,10.608355054279823,10.669570871646101,30
Persistent drop,final_mean_peer_marginal,0.01346528603625311,0.013214366360651757,0.013716205711854463,30
Persistent drop,final_mean_ai_availability_probability,0.9307783963404912,0.9300794075658874,0.931477385115095,30
Persistent drop,edge_retention_ratio,1.0,1.0,1.0,30
Persistent drop,edge_count_ratio,1.024888888888889,1.02290778903858,1.0268699887391979,30
Persistent drop,new_edge_ratio,0.024888888888888853,0.022907789038579898,0.026869988739197808,30
Persistent drop,strong_tie_fraction,0.6374023235019913,0.6304679404035155,0.6443367066004672,30
Stable reliability,final_peer_share,0.35305185185185184,0.34948878074943895,0.3566149229542647,30
Stable reliability,final_ai_share,0.3919851851851852,0.38767644081527775,0.3962939295550927,30
Stable reliability,final_hybrid_share,0.25496296296296295,0.2524444463602205,0.2574814795657054,30
Stable reliability,final_human_interaction_rate,0.6080148148148148,0.6037060704449073,0.6123235591847223,30
Stable reliability,final_ai_use_rate,0.646948148148148,0.6433850770457351,0.650511219250561,30
Stable reliability,final_mean_quality,0.6042816313027525,0.6023200737281281,0.6062431888773768,30
Stable reliability,final_success_rate,0.47105925925925923,0.4649096577900356,0.47720886072848284,30
Stable reliability,final_mean_knowledge,0.65975872099524,0.6569740524992548,0.6625433894912253,30
Stable reliability,final_knowledge_gini,0.07488491111115848,0.07336594503941328,0.07640387718290369,30
Stable reliability,final_knowledge_rank_corr_with_initial,0.9848985801916215,0.9840689435736802,0.9857282168095627,30
Stable reliability,final_performance_gini,0.09410948057400696,0.09340233036168423,0.0948166307863297,30
Stable reliability,final_mean_ai_trust,0.6430722831063985,0.6426435992242373,0.6435009669885597,30
Stable reliability,final_mean_peer_trust,0.5672132787704468,0.5652276663504772,0.5691988911904164,30
Stable reliability,final_mean_tie_strength,0.4332052419583002,0.4321893840932588,0.43422109982334156,30
Stable reliability,final_network_density,0.05670697289468236,0.056629558014129694,0.05678438777523502,30
Stable reliability,final_mean_weighted_degree,4.397195150174036,4.387299442240106,4.407090858107965,30
Stable reliability,final_recent_active_tie_fraction,0.8995739414535304,0.8977711155475439,0.901376767359517,30
Stable reliability,final_mean_unique_peer_partners,10.602207407407409,10.571547936460325,10.632866878354493,30
Stable reliability,final_mean_peer_marginal,0.005627346104252364,0.00538758006814379,0.005867112140360937,30
Stable reliability,final_mean_ai_availability_probability,0.9307783963404912,0.9300794075658874,0.931477385115095,30
Stable reliability,edge_retention_ratio,1.0,1.0,1.0,30
Stable reliability,edge_count_ratio,1.0164074074074074,1.014950952767726,1.0178638620470888,30
Stable reliability,new_edge_ratio,0.016407407407407364,0.014950952767726058,0.01786386204708867,30
Stable reliability,strong_tie_fraction,0.6248805347948237,0.6183636981288604,0.6313973714607871,30
Temporary drop + recovery,final_peer_share,0.37692592592592594,0.37369087069418355,0.38016098115766833,30
Temporary drop + recovery,final_ai_share,0.37068148148148145,0.3672097407419096,0.3741532222210533,30
Temporary drop + recovery,final_hybrid_share,0.25239259259259256,0.24966564730811963,0.2551195378770655,30
Temporary drop + recovery,final_human_interaction_rate,0.6293185185185185,0.6258467777789466,0.6327902592580904,30
Temporary drop + recovery,final_ai_use_rate,0.6230740740740739,0.6198390188423315,0.6263091293058163,30
Temporary drop + recovery,final_mean_quality,0.598992336001621,0.5968074875259813,0.6011771844772608,30
Temporary drop + recovery,final_success_rate,0.4561777777777776,0.4494802869862399,0.4628752685693154,30
Temporary drop + recovery,final_mean_knowledge,0.6510051864773974,0.6480628119609215,0.6539475609938732,30
Temporary drop + recovery,final_knowledge_gini,0.0798410293867688,0.07826011848499739,0.08142194028854022,30
Temporary drop + recovery,final_knowledge_rank_corr_with_initial,0.9893009066691828,0.9887189303295725,0.9898828830087931,30
Temporary drop + recovery,final_performance_gini,0.09649621997923895,0.09572679623304299,0.0972656437254349,30
Temporary drop + recovery,final_mean_ai_trust,0.6059770292191932,0.6053930669079753,0.606560991530411,30
Temporary drop + recovery,final_mean_peer_trust,0.5672805592219035,0.565324686451587,0.56923643199222,30
Temporary drop + recovery,final_mean_tie_strength,0.4348826352755229,0.4338530204526194,0.4359122500984264,30
Temporary drop + recovery,final_network_density,0.05697645354852055,0.0568796476887194,0.057073259408321704,30
Temporary drop + recovery,final_mean_weighted_degree,4.435174938051789,4.425507607673841,4.4448422684297375,30
Temporary drop + recovery,final_recent_active_tie_fraction,0.9137878400621328,0.9114423945917204,0.9161332855325451,30
Temporary drop + recovery,final_mean_unique_peer_partners,10.623244444444442,10.595211156232915,10.651277732655968,30
Temporary drop + recovery,final_mean_peer_marginal,0.006263827866386021,0.006019675054419383,0.006507980678352659,30
Temporary drop + recovery,final_mean_ai_availability_probability,0.9307783963404912,0.9300794075658874,0.931477385115095,30
Temporary drop + recovery,edge_retention_ratio,1.0,1.0,1.0,30
Temporary drop + recovery,edge_count_ratio,1.0211851851851852,1.0193459952995312,1.0230243750708392,30
Temporary drop + recovery,new_edge_ratio,0.021185185185185133,0.019345995299531075,0.023024375070839192,30
Temporary drop + recovery,strong_tie_fraction,0.6318071549205869,0.6253433165999484,0.6382709932412255,30
