shock_condition,replication,seed,final_peer_share,final_ai_share,final_hybrid_share,final_human_interaction_rate,final_ai_use_rate,final_mean_quality,final_success_rate,final_mean_knowledge,final_knowledge_gini,final_knowledge_rank_corr_with_initial,final_performance_gini,final_mean_ai_trust,final_mean_peer_trust,final_mean_tie_strength,final_network_density,final_mean_weighted_degree,final_recent_active_tie_fraction,final_mean_unique_peer_partners,final_mean_peer_marginal,final_mean_ai_availability_probability,initial_edge_count,final_edge_count,edge_retention_ratio,edge_count_ratio,new_edge_ratio,strong_tie_fraction,initial_mean_tie,final_mean_skill,final_skill_gini,runtime_seconds
Stable reliability,0,20260821,0.35022222222222227,0.39511111111111114,0.25466666666666665,0.6048888888888889,0.6497777777777778,0.6051946325699641,0.47266666666666673,0.6595643816898712,0.07971961188650244,0.9865852649164328,0.09550134334460578,0.6432204077156689,0.5667589640617371,0.43648420095443724,0.056797020484171325,4.437536678102282,0.9015936492450289,10.816444444444446,0.005874389622296393,0.9317812537651569,900,917,1.0,1.018888888888889,0.01888888888888889,0.6455834242093784,0.5542529225349426,0.669390237676136,0.07589014423338414,10.116812944412231
Stable reliability,1,20261830,0.3646666666666667,0.36466666666666664,0.27066666666666667,0.6353333333333334,0.6353333333333333,0.6154394592295099,0.49577777777777776,0.6760885633877911,0.07800377194277275,0.9866732061937147,0.09412897288070315,0.6440874394234464,0.5798357439041137,0.43816329836845397,0.05654872749844817,4.43518628305859,0.9095060373216245,10.689333333333334,0.006496283199316063,0.9303002461821097,900,911,1.0,1.0122222222222221,0.012222222222222223,0.6509330406147091,0.5549401044845581,0.6855523669320154,0.0743494731701475,9.94942021369934
Stable reliability,2,20262839,0.342,0.40711111111111115,0.2508888888888889,0.592888888888889,0.6579999999999999,0.5923034437374267,0.4257777777777778,0.6425203367958864,0.07935515713200003,0.9809805176579295,0.09569639969428341,0.6421758731341646,0.5550446295738221,0.43285244941711426,0.05686902545003105,4.406182969623142,0.8932880936710034,10.691555555555556,0.005210121521439849,0.9309515924950336,900,917,1.0,1.018888888888889,0.01888888888888889,0.6248636859323882,0.5509834885597229,0.6527728556068896,0.0754139696570113,9.661474227905273
Stable reliability,3,20263848,0.3591111111111111,0.3837777777777777,0.25711111111111107,0.6162222222222222,0.6408888888888888,0.6050719397218721,0.47955555555555557,0.6605629110541735,0.07065674416091366,0.9852105928391619,0.09246084973765065,0.643664654167766,0.5681569218635559,0.43372480273246766,0.056849162011173196,4.413498354646895,0.9013329905377617,10.611999999999998,0.005500396557337322,0.9293719217802934,900,918,1.0,1.02,0.02,0.6176470588235294,0.5510573387145996,0.6700483807749947,0.06727312110394079,9.765602350234985
Stable reliability,4,20264857,0.3526666666666667,0.3922222222222222,0.2551111111111111,0.6077777777777778,0.6473333333333333,0.5991517017476449,0.46422222222222215,0.6510361067664775,0.07807455913392736,0.9894055013036303,0.0967308515648607,0.6433655571138389,0.5620412254333496,0.43126373052597045,0.05639726877715705,4.353579944875505,0.8971603438721013,10.482222222222221,0.005507268040766813,0.9281647227918027,900,910,1.0,1.011111111111111,0.011111111111111112,0.6131868131868132,0.5459277629852295,0.6610305524979011,0.0742475183906397,9.518723487854004
Stable reliability,5,20265866,0.3559999999999999,0.4008888888888889,0.2431111111111111,0.5991111111111111,0.6439999999999999,0.6009601925654905,0.45955555555555555,0.6539360795903723,0.07686239816693574,0.9850879227292992,0.09599470678714404,0.6439337965337733,0.5640748023986817,0.43052472949028014,0.05654624456859095,4.357657533751594,0.902563376481396,10.585777777777778,0.004997586727555984,0.9306366662275941,900,912,1.0,1.0133333333333334,0.013333333333333334,0.6074561403508771,0.5463204383850098,0.663639082655585,0.07310899602331467,9.79715871810913
Stable reliability,6,20266875,0.34777777777777774,0.38977777777777783,0.2624444444444445,0.6102222222222222,0.6522222222222223,0.6048526154284259,0.46622222222222226,0.6603222076309045,0.07859029004597257,0.9879113225234464,0.0948185671613124,0.6447605106540625,0.5678076219558715,0.4341478419303894,0.05679205462445687,4.413418535603417,0.8993161965024252,10.725333333333333,0.006412830675084691,0.9307495070607148,900,916,1.0,1.0177777777777777,0.017777777777777778,0.6397379912663755,0.550755500793457,0.6701578066275143,0.07495291807771376,9.657552719116211
Stable reliability,7,20267884,0.3633333333333333,0.3917777777777778,0.2448888888888889,0.6082222222222222,0.6366666666666666,0.6010491236581506,0.45622222222222225,0.6550951272565223,0.08148797039137495,0.9860352908005363,0.09773714300776427,0.6434044101757149,0.5653260970115661,0.433624678850174,0.05654872749844817,4.389245428085327,0.9002414928649836,10.524444444444443,0.0053321568008608475,0.9298412545517644,900,911,1.0,1.0122222222222221,0.012222222222222223,0.6256860592755215,0.5503920912742615,0.6647112653400987,0.07770304042041287,9.624366760253906
Stable reliability,8,20268893,0.35155555555555557,0.38866666666666666,0.2597777777777778,0.6113333333333333,0.6484444444444445,0.603663831844343,0.47888888888888886,0.6575697833219276,0.07898609651959411,0.9860151308738326,0.0959996268998143,0.6411106718624628,0.5659517312049865,0.43155283212661744,0.05700062073246431,4.403139971150293,0.9035135759494496,10.595111111111112,0.006192088783334809,0.9323502106824233,900,920,1.0,1.0222222222222221,0.022222222222222223,0.6065217391304348,0.5488340258598328,0.6673913959960919,0.07522186231620975,9.863585233688354
Stable reliability,9,20269902,0.3486666666666667,0.3973333333333334,0.254,0.6026666666666666,0.6513333333333334,0.6059662861345173,0.47511111111111115,0.6625201432567631,0.07042269851404012,0.984164043064871,0.09078438251819985,0.6443170491273578,0.5671729516983032,0.4320434606075287,0.056873991309745506,4.398375982814365,0.9030814836685033,10.63511111111111,0.005512084471074074,0.9348351631955062,900,917,1.0,1.018888888888889,0.01888888888888889,0.608505997818975,0.5498554706573486,0.6721512071393627,0.06705260695861925,9.71638298034668
Stable reliability,10,20270911,0.3428888888888889,0.4093333333333333,0.2477777777777778,0.5906666666666667,0.6571111111111111,0.5942169019288489,0.4466666666666667,0.6439646524704014,0.06986358104568281,0.979975222263542,0.09429086561165179,0.6441373879772888,0.5557399725914002,0.4352278435230255,0.056881440099317206,4.4313145910369025,0.8941468383217196,10.632888888888887,0.004612368871364141,0.9289737531916981,900,919,1.0,1.021111111111111,0.021111111111111112,0.6332970620239391,0.5546082854270935,0.654058148752998,0.06659456323756219,10.06415343284607
Stable reliability,11,20271920,0.35177777777777774,0.3984444444444445,0.24977777777777777,0.6015555555555556,0.6482222222222223,0.6067910805854188,0.4784444444444444,0.66523705740871,0.07773108131503853,0.9841416842388859,0.09405797940540492,0.6433218905553513,0.5695892357826233,0.43154446959495546,0.056881440099317206,4.393840485572815,0.9017898421307042,10.683555555555554,0.006271662247728127,0.9321586042061145,900,919,1.0,1.021111111111111,0.021111111111111112,0.6147986942328618,0.5484080910682678,0.6748143893681025,0.0741111206243601,10.673072099685669
Stable reliability,12,20272929,0.3491111111111111,0.38511111111111107,0.2657777777777778,0.6148888888888888,0.6508888888888889,0.6099587991490449,0.4902222222222223,0.6663189479490389,0.07057325890604055,0.9820524746933157,0.09064497087283527,0.6442837749057445,0.5720329046249389,0.4326273846626282,0.05664556176288021,4.38659208366606,0.897388892897445,10.53822222222222,0.0062360423408497,0.9307134815825802,900,914,1.0,1.0155555555555555,0.015555555555555555,0.6083150984682714,0.5489266514778137,0.6758756555092111,0.0672425092269251,10.407683849334717
Stable reliability,13,20273938,0.36133333333333334,0.39111111111111113,0.24755555555555553,0.6088888888888888,0.6386666666666666,0.6028285652351515,0.4713333333333333,0.6602400151959625,0.07456438665770929,0.9873390000766988,0.09466825129428923,0.6424480884675258,0.5672158026695251,0.43593119859695434,0.05672253258845438,4.42613840564092,0.8966946201356052,10.713333333333333,0.005626565482778152,0.9291104422914985,900,914,1.0,1.0155555555555555,0.015555555555555555,0.6487964989059081,0.5540245175361633,0.6699847028891446,0.07096559408863357,10.09692668914795
Stable reliability,14,20274947,0.36666666666666664,0.37888888888888894,0.2544444444444444,0.6211111111111112,0.6333333333333333,0.6073586105613371,0.4828888888888889,0.6657829293691335,0.07431134867530668,0.985052295011537,0.092090616851444,0.6427201721321548,0.5695119524002075,0.4297251164913177,0.056499068901303545,4.345907574070824,0.901340315231699,10.528444444444444,0.006130507977210863,0.932683308758122,900,911,1.0,1.0122222222222221,0.012222222222222223,0.5993413830954994,0.544682502746582,0.675314346382091,0.07095597160758715,10.431896209716797
Stable reliability,15,20275956,0.33444444444444443,0.414,0.25155555555555553,0.586,0.6655555555555556,0.6026085343682149,0.4613333333333333,0.6559210040977365,0.0707640934297856,0.9828757806128514,0.09523838393578504,0.642408873700285,0.5637170839309692,0.4334714186191559,0.05658845437616389,4.390732996092902,0.8908279817519543,10.559111111111113,0.00497565078394228,0.9305720473792701,900,913,1.0,1.0144444444444445,0.014444444444444444,0.6221248630887185,0.5505538582801819,0.6655603397873616,0.06747964826431829,10.349705696105957
Stable reliability,16,20276965,0.35044444444444445,0.39555555555555555,0.254,0.6044444444444445,0.6495555555555557,0.6040117533751704,0.46688888888888885,0.6592050940633176,0.07418869980325898,0.9855840867248095,0.0949592608462265,0.6436279851087933,0.56924485206604,0.4307216203212738,0.056836747361887034,4.382033687114716,0.899352593824426,10.660444444444444,0.005331599411141494,0.9274850808764064,900,917,1.0,1.018888888888889,0.01888888888888889,0.6172300981461287,0.54668790102005,0.6687400302784962,0.07080153726388838,10.301640033721924
Stable reliability,17,20277974,0.3313333333333333,0.4117777777777778,0.2568888888888889,0.5882222222222222,0.6686666666666666,0.5971684544047108,0.4508888888888889,0.651046167732733,0.06846585102483994,0.9814202754735858,0.09413707368393073,0.6436855460962131,0.5622808980941773,0.4311287462711334,0.056491620111731845,4.359566378911336,0.8917890978395917,10.549333333333333,0.003993178359007401,0.9342892753709282,900,911,1.0,1.0122222222222221,0.012222222222222223,0.6256860592755215,0.5481071472167969,0.6606472387955927,0.06513565672779009,10.497300624847412
Stable reliability,18,20278983,0.35355555555555557,0.3844444444444445,0.262,0.6155555555555555,0.6464444444444445,0.604814603679325,0.4695555555555555,0.6622669876964252,0.07974155669627275,0.9834082755505675,0.09464213866466042,0.6441755304726733,0.5688471794128418,0.4332389807701111,0.057107386716325266,4.4286651128662955,0.8980434782608695,10.469777777777779,0.004940589532231513,0.9297719160872142,900,920,1.0,1.0222222222222221,0.022222222222222223,0.6402173913043478,0.5513353943824768,0.6719625652429372,0.07607849594226401,10.607865810394287
Stable reliability,19,20279992,0.34911111111111104,0.384,0.2668888888888889,0.616,0.6508888888888887,0.6008888571045877,0.46555555555555556,0.6546246322529109,0.0793120117187631,0.9861321431776495,0.0967495663009919,0.6399040074976852,0.5629309368133545,0.43400466442108154,0.05642954686530107,4.3838255085415305,0.9067626542874068,10.565333333333333,0.0058941405316204195,0.9323268015445244,900,910,1.0,1.011111111111111,0.011111111111111112,0.6351648351648351,0.5502431392669678,0.6644366200420687,0.07565207178932432,10.984829664230347
Stable reliability,20,20281001,0.3586666666666667,0.3902222222222222,0.2511111111111111,0.6097777777777779,0.6413333333333333,0.6020495107601841,0.4595555555555556,0.6585993631352277,0.07068869906316058,0.9838281419773864,0.09480854974314123,0.6411750431943031,0.5646892690658569,0.43354885339736937,0.0567870887647424,4.406939950995975,0.8932683457310574,10.62,0.004903653389536225,0.9311339496649702,900,916,1.0,1.0177777777777777,0.017777777777777778,0.6331877729257642,0.551608681678772,0.6681156562125551,0.06734338550387875,10.294456243515015
Stable reliability,21,20282010,0.3484444444444444,0.39044444444444454,0.2611111111111111,0.6095555555555555,0.6515555555555556,0.6142637128605366,0.5042222222222222,0.6715129528551025,0.07783462118637459,0.9873259334560593,0.09270843850242563,0.6422934402531618,0.5765716934204101,0.43275469183921816,0.056620732464307884,4.385944664107428,0.8994432454120639,10.58711111111111,0.006791680735065149,0.9308193470700854,900,915,1.0,1.0166666666666666,0.016666666666666666,0.6273224043715847,0.5479299426078796,0.6809972936378265,0.07423892191552817,10.479958534240723
Stable reliability,22,20283019,0.3433333333333334,0.3988888888888889,0.2577777777777778,0.6011111111111112,0.6566666666666667,0.6064435223951733,0.4788888888888889,0.6613525060697912,0.07593373115413567,0.9855585766878445,0.09335593504493236,0.6444549190267178,0.5690747237205506,0.4353850305080414,0.05662569832402235,4.413009434964922,0.8948989159438188,10.610222222222221,0.005415062230738179,0.9319476015947724,900,913,1.0,1.0144444444444445,0.014444444444444444,0.628696604600219,0.5526276230812073,0.6709790281487362,0.07232119094335365,9.982195377349854
Stable reliability,23,20284028,0.3666666666666667,0.38866666666666666,0.24466666666666664,0.6113333333333333,0.6333333333333333,0.6109966658217963,0.4893333333333334,0.6701985195813853,0.07123831747386865,0.9863832928830528,0.0911845995565767,0.6438282018869522,0.5736728572845459,0.4261463665962219,0.05698075729360646,4.346478267616695,0.8965114985081992,10.623111111111111,0.006058427463390882,0.9285586889813314,900,919,1.0,1.021111111111111,0.021111111111111112,0.5767138193688792,0.5413119792938232,0.6795750136300278,0.06790792080426566,10.641277551651001
Stable reliability,24,20285037,0.36244444444444446,0.38177777777777777,0.25577777777777777,0.6182222222222222,0.6375555555555554,0.6100504399863759,0.4902222222222223,0.6639097489298318,0.06991368373145118,0.9856055651721727,0.09053271392293923,0.6422213962270308,0.5712430500984191,0.43171762466430663,0.05674736188702669,4.385275672382779,0.9007644533725532,10.600444444444445,0.005611476191559588,0.9280375746452946,900,915,1.0,1.0166666666666666,0.016666666666666666,0.6273224043715847,0.5479711294174194,0.6734858303962484,0.06658365855277792,10.001830816268921
Stable reliability,25,20286046,0.36199999999999993,0.3837777777777778,0.2542222222222222,0.6162222222222222,0.638,0.6061669349476213,0.482,0.6648391497078744,0.07067008541086361,0.9837352710206527,0.0927174508852692,0.6419595907716134,0.5698857355117798,0.42996019959449766,0.05703786468032278,4.389769177436829,0.9011362840594964,10.641777777777778,0.0058674011708367835,0.931047943240485,900,920,1.0,1.0222222222222221,0.022222222222222223,0.6130434782608696,0.5469761490821838,0.6743576994997087,0.06743259282609171,9.729576826095581
Stable reliability,26,20287055,0.37244444444444447,0.3655555555555555,0.262,0.6344444444444445,0.6275555555555555,0.6062266448711054,0.4746666666666667,0.6657719714044416,0.0724757761942309,0.9843312649557571,0.0927887847277444,0.6429752809378384,0.5717428183555603,0.4401630413532257,0.05635257603972689,4.439959808190664,0.9095876418847049,10.555555555555554,0.006155021027015053,0.9323141053055416,900,908,1.0,1.008888888888889,0.008888888888888889,0.6607929515418502,0.5571997165679932,0.6752871916650937,0.06906740894824859,9.738698244094849
Stable reliability,27,20288064,0.3511111111111111,0.39666666666666667,0.25222222222222224,0.6033333333333334,0.6488888888888888,0.6087439737725429,0.48577777777777775,0.6646404392861749,0.07645181905587341,0.9812568539317523,0.09418394812686898,0.6419162852190123,0.5706776976585388,0.4342867696285248,0.05661576660459342,4.401071678638458,0.8997937991156286,10.613333333333335,0.0063137155117260315,0.93403100951728,900,914,1.0,1.0155555555555555,0.015555555555555555,0.6345733041575492,0.5504842400550842,0.674255297340149,0.07279790819020326,9.78710150718689
Stable reliability,28,20289073,0.35533333333333333,0.3955555555555555,0.2491111111111111,0.6044444444444445,0.6446666666666667,0.6010442324999719,0.45911111111111114,0.6550862077227214,0.08008289425974473,0.9865845993750803,0.0961256595566441,0.6425292119157485,0.5647252202033997,0.43560555815696717,0.05634761018001242,4.393521033498976,0.9068003712157426,10.428444444444445,0.00588132839211942,0.9300834938186984,900,910,1.0,1.011111111111111,0.011111111111111112,0.6428571428571429,0.5519148707389832,0.6648875831966444,0.07622755584156349,9.584794759750366
Stable reliability,29,20290082,0.3444444444444445,0.40399999999999997,0.25155555555555553,0.596,0.6555555555555556,0.5981639141381083,0.4502222222222222,0.6530276421775922,0.06958253863832006,0.9862978755625842,0.09354638609010982,0.6440614969376094,0.5608337903022766,0.4345856547355652,0.0567870887647424,4.417446312162611,0.895280133566948,10.528444444444444,0.004775105078644161,0.9283109263555173,900,916,1.0,1.0177777777777777,0.017777777777777778,0.6168122270742358,0.5525341033935547,0.6626787494970582,0.06625646990866252,10.016065120697021
Temporary drop + recovery,0,20260821,0.38755555555555554,0.3655555555555556,0.2468888888888889,0.6344444444444445,0.6124444444444446,0.5994762326489657,0.45822222222222225,0.6509947700656592,0.08457801668198112,0.9903427281881347,0.09689090175017345,0.6101043019404875,0.5679624390602112,0.43845108985900877,0.05692613283674738,4.4677118786705865,0.9077079041964538,10.719111111111111,0.006977043574887345,0.9317812537651569,900,918,1.0,1.02,0.02,0.6514161220043573,0.5542529225349426,0.6611734886598948,0.08032704876447583,9.734679222106934
Temporary drop + recovery,1,20261830,0.3753333333333334,0.3768888888888889,0.2477777777777778,0.6231111111111111,0.6246666666666666,0.6123894943104837,0.496,0.6675379491943861,0.08311376194561294,0.9902420007342304,0.09549636892268787,0.6078618162548735,0.5790805649757386,0.4392481529712677,0.05701055245189323,4.4824385891490515,0.9136873705627593,10.732000000000001,0.006567078824906984,0.9303002461821097,900,920,1.0,1.0222222222222221,0.022222222222222223,0.6521739130434783,0.5549401044845581,0.6775081588873747,0.07898874698129377,9.64241337776184
Temporary drop + recovery,2,20262839,0.35888888888888887,0.38799999999999996,0.2531111111111111,0.612,0.6411111111111112,0.5857384282557421,0.4193333333333333,0.6325487731065289,0.08555661511314692,0.9867756827797867,0.10081455140574004,0.6069259634850023,0.5550060486793518,0.4351454496383667,0.05680943513345749,4.424929566118453,0.9018779201565371,10.747555555555557,0.005192771513660715,0.9309515924950336,900,916,1.0,1.0177777777777777,0.017777777777777778,0.6320960698689956,0.5509834885597229,0.6430849490884186,0.08137612699158958,9.971465110778809
Temporary drop + recovery,3,20263848,0.3815555555555556,0.3668888888888888,0.25155555555555553,0.6331111111111111,0.6184444444444444,0.6000771533159124,0.4600000000000001,0.6523993251176963,0.07511439686901314,0.989583986451441,0.09296719835442285,0.6063435675914144,0.568928198814392,0.43548301219940183,0.05703786468032278,4.446150885052151,0.9182972997097575,10.606666666666666,0.006438502635083323,0.9293719217802934,900,920,1.0,1.0222222222222221,0.022222222222222223,0.6239130434782608,0.5510573387145996,0.6624682797968248,0.07137681278084496,10.15306568145752
Temporary drop + recovery,4,20264857,0.38400000000000006,0.35577777777777775,0.26022222222222224,0.6442222222222224,0.616,0.593133687000524,0.43977777777777777,0.6419783648100467,0.08344517789875183,0.9931232347057789,0.09816115362481391,0.6034895680207123,0.5622645044326782,0.43277840375900267,0.056774674115456246,4.398084139559004,0.919489570081038,10.535555555555554,0.006430451559974872,0.9281647227918027,900,917,1.0,1.018888888888889,0.01888888888888889,0.6215921483097055,0.5459277629852295,0.6522581381660825,0.07916176192148061,10.409825325012207
Temporary drop + recovery,5,20265866,0.3906666666666667,0.3653333333333333,0.244,0.6346666666666667,0.6093333333333333,0.5941790871983679,0.4422222222222223,0.6450752382473519,0.08272855163738452,0.9898977159325762,0.09831013612446358,0.6056645924417589,0.5637539029121399,0.432043080329895,0.05692364990689014,4.402227293809255,0.912152301124012,10.752888888888888,0.006516633761330965,0.9306366662275941,900,918,1.0,1.02,0.02,0.6154684095860566,0.5463204383850098,0.6552276098895855,0.07859427352309334,10.717287540435791
Temporary drop + recovery,6,20266875,0.3753333333333333,0.3724444444444444,0.25222222222222224,0.6275555555555556,0.6246666666666667,0.5989633662962992,0.46111111111111114,0.6514092654092015,0.08344553065708342,0.9909024785163276,0.09810730461285029,0.6062340934814682,0.5668442869186401,0.4359812426567078,0.0567870887647424,4.431665267997317,0.907393107348934,10.725777777777777,0.006499862758200145,0.9307495070607148,900,916,1.0,1.0177777777777777,0.017777777777777778,0.6517467248908297,0.550755500793457,0.661613085123699,0.07948509628280487,10.242679119110107
Temporary drop + recovery,7,20267884,0.38066666666666665,0.36844444444444446,0.2508888888888889,0.6315555555555555,0.6193333333333334,0.595847702514273,0.447111111111111,0.6466701312542387,0.08662481412574916,0.989943046804309,0.09941364401338186,0.6048406613513543,0.566155686378479,0.4357370913028717,0.05679702048417133,4.429927756362491,0.920916305253592,10.656444444444444,0.006426391939653518,0.9298412545517644,900,916,1.0,1.0177777777777777,0.017777777777777778,0.6353711790393013,0.5503920912742615,0.6567138989573653,0.08249973469945204,10.305888175964355
Temporary drop + recovery,8,20268893,0.38666666666666666,0.35244444444444445,0.2608888888888889,0.6475555555555556,0.6133333333333334,0.5971740713888256,0.4493333333333333,0.6489360845283862,0.08384126331068073,0.989929434088707,0.0979975414393603,0.606023880623541,0.5666009974479675,0.4327020585536957,0.05757914338919926,4.4596581548584835,0.9232893161173424,10.630222222222221,0.0062763533490225575,0.9323502106824233,900,929,1.0,1.0322222222222222,0.03222222222222222,0.6081808396124866,0.5488340258598328,0.6591985520670152,0.07964881039038518,10.269529819488525
Temporary drop + recovery,9,20269902,0.37577777777777777,0.37599999999999995,0.2482222222222222,0.6240000000000001,0.6242222222222222,0.599142351973941,0.44711111111111107,0.654039741515733,0.0747911740137701,0.9886611703175332,0.09402839559237655,0.6050699500533825,0.5682344484329224,0.4341257405281067,0.057082557417752956,4.435716251903109,0.9183201915743149,10.707111111111113,0.006411343344542605,0.9348351631955062,900,921,1.0,1.0233333333333334,0.023333333333333334,0.6178067318132465,0.5498554706573486,0.6640306515789476,0.07114904730702953,10.143719911575317
Temporary drop + recovery,10,20270911,0.36733333333333335,0.3748888888888889,0.2577777777777778,0.6251111111111112,0.6326666666666667,0.5864065260396782,0.42488888888888887,0.6337936276942442,0.074880148541948,0.9865361132505172,0.09844558203459393,0.6067937987251968,0.5561483907699585,0.43799028396606443,0.05668032278088144,4.443701315350003,0.9215461315491147,10.604888888888889,0.004673749770915657,0.9289737531916981,900,914,1.0,1.0155555555555555,0.015555555555555555,0.6455142231947484,0.5546082854270935,0.6441426035689332,0.07125310988289568,10.245267152786255
Temporary drop + recovery,11,20271920,0.37400000000000005,0.36711111111111117,0.25888888888888884,0.6328888888888888,0.6259999999999999,0.6019697226739661,0.46377777777777773,0.6566332753761968,0.08297501816095085,0.9896977174068506,0.09745141404988171,0.6064502366592446,0.5703444862365723,0.4337241613864899,0.0569211669770329,4.419167307376862,0.913980370774264,10.64311111111111,0.006159495149283439,0.9321586042061145,900,917,1.0,1.018888888888889,0.01888888888888889,0.6324972737186477,0.5484080910682678,0.6666834170109072,0.07897728002980742,10.610436916351318
Temporary drop + recovery,12,20272929,0.3846666666666667,0.37022222222222223,0.24511111111111109,0.6297777777777778,0.6153333333333333,0.6057278096156967,0.47577777777777785,0.6574655136314521,0.07506042163620644,0.987092276565936,0.09484658350904801,0.6046164880382373,0.5717465925216675,0.43356525897979736,0.057211669770328995,4.4400718339284255,0.9089944674867693,10.547555555555554,0.006414801223671539,0.9307134815825802,900,922,1.0,1.0244444444444445,0.024444444444444446,0.6171366594360087,0.5489266514778137,0.6674545575058022,0.07126726741913214,10.374673843383789
Temporary drop + recovery,13,20273938,0.3662222222222222,0.3784444444444444,0.25533333333333336,0.6215555555555556,0.6337777777777778,0.5987283818436927,0.4531111111111111,0.6517594564263421,0.07946694366998902,0.9907121408542459,0.09661084761286229,0.6065383766002737,0.5669782137870789,0.4368970382213593,0.0573060211049038,4.48155551317003,0.910923741967401,10.552444444444445,0.005965778144711374,0.9291104422914985,900,924,1.0,1.0266666666666666,0.02666666666666667,0.6428571428571429,0.5540245175361633,0.661917782159407,0.07550457390751486,10.22524881362915
Temporary drop + recovery,14,20274947,0.3808888888888889,0.3706666666666667,0.2484444444444444,0.6293333333333334,0.6191111111111112,0.6032554599441992,0.46844444444444444,0.6570093003148466,0.07945241544889481,0.9894316188707876,0.0961832236017067,0.6048599213294665,0.569767107963562,0.4316695964336395,0.0566927374301676,4.380561557822757,0.9219585802929242,10.515555555555554,0.006910813901999626,0.932683308758122,900,914,1.0,1.0155555555555555,0.015555555555555555,0.6083150984682714,0.544682502746582,0.6669791692459792,0.07574667551161407,9.932465314865112
Temporary drop + recovery,15,20275956,0.3777777777777779,0.37755555555555553,0.2446666666666667,0.6224444444444444,0.6222222222222221,0.5964713979430669,0.446,0.6463807943527649,0.07517954430630319,0.9876014305087761,0.09564510862761008,0.6063443474322376,0.5641365575790406,0.4353282427787781,0.05675977653631285,4.422906127611796,0.9079204043245152,10.614666666666666,0.005467630878224042,0.9305720473792701,900,915,1.0,1.0166666666666666,0.016666666666666666,0.6338797814207651,0.5505538582801819,0.6564885130798331,0.07139545370102729,9.603858470916748
Temporary drop + recovery,16,20276965,0.3837777777777778,0.3768888888888889,0.23933333333333337,0.6231111111111112,0.6162222222222222,0.5985190121598774,0.46266666666666667,0.6509788006570509,0.07847468266572348,0.9891970198102251,0.09608310290711053,0.6072797379252274,0.5693049955368042,0.43279818177223206,0.056787088764742394,4.399331892331442,0.9215614783991581,10.526666666666667,0.006590034851963127,0.9274850808764064,900,915,1.0,1.0166666666666666,0.016666666666666666,0.6327868852459017,0.54668790102005,0.6608465457760933,0.07488515828756737,9.892721891403198
Temporary drop + recovery,17,20277974,0.3751111111111111,0.3755555555555555,0.2493333333333333,0.6244444444444445,0.6248888888888888,0.5927842873249742,0.42666666666666664,0.6413443071728352,0.07442278215714954,0.9874238201529205,0.09438395986490469,0.6079803751157057,0.5619094252586365,0.43215343952178953,0.057109869646182504,4.417756772147285,0.9147867157626399,10.680888888888887,0.005014112176505249,0.9342892753709282,900,921,1.0,1.0233333333333334,0.023333333333333334,0.6264929424538545,0.5481071472167969,0.6514552808787732,0.07064635502277472,9.887769937515259
Temporary drop + recovery,18,20278983,0.3844444444444444,0.3646666666666667,0.2508888888888889,0.6353333333333333,0.6155555555555555,0.6023298653065305,0.47311111111111115,0.6533932945254949,0.08493338432823094,0.9891336206187177,0.09818735546919573,0.6064514587573478,0.5690359425544739,0.434967452287674,0.057410304158907514,4.4699081946478945,0.9133308061308063,10.51911111111111,0.0063955542627925355,0.9297719160872142,900,925,1.0,1.0277777777777777,0.027777777777777776,0.6454054054054054,0.5513353943824768,0.6635223383530198,0.08082715050893508,9.776989698410034
Temporary drop + recovery,19,20279992,0.37955555555555553,0.37199999999999994,0.2484444444444444,0.628,0.6204444444444445,0.5955127682202656,0.4444444444444444,0.6456790061293411,0.0843615807504902,0.9893714023711542,0.10064357843128416,0.6048538328305266,0.5628292417526245,0.4353493821620941,0.05687895716945996,4.432415481461419,0.9156207111665627,10.650666666666666,0.007525194009998369,0.9323268015445244,900,917,1.0,1.018888888888889,0.01888888888888889,0.6379498364231189,0.5502431392669678,0.6558646303572504,0.08036189568738772,9.697525024414062
Temporary drop + recovery,20,20281001,0.38111111111111107,0.3813333333333333,0.23755555555555558,0.6186666666666667,0.6188888888888888,0.5952621722527587,0.4402222222222222,0.6496819294879792,0.07600994747261193,0.9884441309439309,0.09562964530070803,0.6069665173694281,0.5645252084732055,0.43558354139328004,0.056916201117318446,4.437662590238784,0.9007158549207283,10.617333333333333,0.005677539199471079,0.9311339496649702,900,919,1.0,1.021111111111111,0.021111111111111112,0.6398258977149075,0.551608681678772,0.659780557827537,0.07223479819879608,9.728888034820557
Temporary drop + recovery,21,20282010,0.3811111111111111,0.3602222222222223,0.25866666666666666,0.6397777777777778,0.6188888888888888,0.6073613640293266,0.48488888888888887,0.6633786855411341,0.08215447908147329,0.9908844023029397,0.09478242949954475,0.6029498337838336,0.5761492586135865,0.43398038506507874,0.05710738671632527,4.436236316945818,0.9182184239142634,10.59911111111111,0.007011838649845833,0.9308193470700854,900,921,1.0,1.0233333333333334,0.023333333333333334,0.6319218241042345,0.5479299426078796,0.6730775308809807,0.07829482735723148,9.733663082122803
Temporary drop + recovery,22,20283019,0.364,0.38133333333333325,0.25466666666666665,0.6186666666666667,0.636,0.6021357931962854,0.4673333333333333,0.6527849132460443,0.08081180003945036,0.9896872374653322,0.09523946154146057,0.6058341312618772,0.5685063052177429,0.4365069365501404,0.05715207945375544,4.4655090819994605,0.9116448579162365,10.647555555555554,0.006493033212332188,0.9319476015947724,900,922,1.0,1.0244444444444445,0.024444444444444446,0.6344902386117137,0.5526276230812073,0.662804950669288,0.07700637143203859,9.84346890449524
Temporary drop + recovery,23,20284028,0.3871111111111112,0.354,0.2588888888888889,0.6459999999999999,0.6128888888888888,0.6055957109255183,0.4737777777777778,0.6623431691199064,0.07569086600381597,0.9903317992837107,0.09333891197879417,0.6039600650489606,0.5743362855911255,0.4271659028530121,0.05758659217877095,4.403114072587755,0.9124441405395645,10.679555555555556,0.00655271286195091,0.9285586889813314,900,931,1.0,1.0344444444444445,0.034444444444444444,0.5757250268528464,0.5413119792938232,0.6720624012196136,0.07205636581766428,10.656852006912231
Temporary drop + recovery,24,20285037,0.38511111111111107,0.3575555555555555,0.25733333333333336,0.6424444444444444,0.6148888888888888,0.603719768753965,0.47577777777777774,0.6555769617221172,0.0745036164845709,0.9894252690065826,0.09406178683372564,0.6059099269016304,0.5715565657615662,0.43388148188591,0.05683178150217257,4.41380344385571,0.9199228291216265,10.603555555555555,0.006134099626725921,0.9280375746452946,900,916,1.0,1.0177777777777777,0.017777777777777778,0.6266375545851528,0.5479711294174194,0.6654044293954716,0.07079170134830504,10.19388747215271
Temporary drop + recovery,25,20286046,0.37822222222222224,0.3742222222222222,0.24755555555555556,0.6257777777777779,0.6217777777777778,0.6023069653207528,0.4624444444444444,0.6561591191491294,0.07540231827467206,0.9884142921072915,0.09637988187643273,0.6059876644641747,0.5697948098182678,0.43178788900375364,0.05723649906890131,4.423705535093943,0.9069967839950286,10.660888888888888,0.0067454764627498335,0.931047943240485,900,925,1.0,1.0277777777777777,0.027777777777777776,0.6248648648648648,0.5469761490821838,0.6661384562375302,0.07183537912009585,11.201598167419434
Temporary drop + recovery,26,20287055,0.3691111111111111,0.3597777777777778,0.2711111111111111,0.6402222222222221,0.6308888888888888,0.604208060568395,0.4706666666666667,0.6576627839261476,0.07746564766317515,0.9887686267122352,0.09452517727158191,0.6072237143666434,0.5707664394378662,0.44164680600166323,0.05662321539416512,4.4762705739339195,0.9210675495140725,10.581333333333331,0.006470939677540512,0.9323141053055416,900,914,1.0,1.0155555555555555,0.015555555555555555,0.6663019693654267,0.5571997165679932,0.6676324293725476,0.07367388112114837,10.738730669021606
Temporary drop + recovery,27,20288064,0.3662222222222223,0.3688888888888889,0.2648888888888889,0.6311111111111112,0.6337777777777778,0.6029444610424363,0.46422222222222215,0.6564149701698697,0.08093433422830294,0.9858831290400891,0.09632228837259635,0.6066999117450564,0.5708417582511902,0.43611067414283755,0.05684667908131596,4.437619851112366,0.9109066270983428,10.616888888888889,0.006973984622386195,0.93403100951728,900,917,1.0,1.018888888888889,0.01888888888888889,0.6466739367502726,0.5504842400550842,0.6664428971570677,0.07698650698715825,11.5922110080719
Temporary drop + recovery,28,20289073,0.3646666666666667,0.3813333333333333,0.254,0.6186666666666667,0.6353333333333333,0.5960587811480653,0.4508888888888889,0.6461464425680477,0.08536862376517272,0.9912646034911932,0.09882134699743851,0.6024432754247404,0.5637403655052186,0.4371490776538849,0.05661080074487897,4.4297125513818525,0.9145288960904696,10.472444444444445,0.005972240672556281,0.9300834938186984,900,913,1.0,1.0144444444444445,0.014444444444444444,0.6473165388828039,0.5519148707389832,0.6562282097270764,0.08121998022916754,11.642098188400269
Temporary drop + recovery,29,20290082,0.36088888888888887,0.386,0.2531111111111111,0.614,0.6391111111111111,0.5923501968358468,0.436,0.6439795998617472,0.07444302467075967,0.9903250707932263,0.09511771775641904,0.6066088675519911,0.5611677479743957,0.4365280044078827,0.05689633767846059,4.445728345076242,0.9034345447747478,10.549777777777777,0.005029373374695233,0.9283109263555173,900,919,1.0,1.021111111111111,0.021111111111111112,0.6278563656147987,0.5525341033935547,0.6540759454449189,0.07086889474155589,11.102020502090454
Persistent drop,0,20260821,0.4444444444444444,0.2831111111111111,0.27244444444444443,0.716888888888889,0.5555555555555556,0.5784865983652459,0.40533333333333327,0.6456325140596506,0.08787622802973744,0.9925642548813601,0.1070517271365426,0.4112689799035632,0.5682234621047973,0.4398297095298767,0.056906269397889515,4.480144495540195,0.9335063574283283,10.772888888888888,0.014284742659272556,0.9317812537651569,900,918,1.0,1.02,0.02,0.659041394335512,0.5542529225349426,0.6537341003747575,0.08483021999784879,11.057602882385254
Persistent drop,1,20261830,0.43777777777777777,0.2962222222222222,0.26599999999999996,0.7037777777777776,0.5622222222222222,0.5887975581121756,0.4337777777777778,0.6622271857165787,0.08649633920067001,0.9920719860811401,0.10522962129961119,0.4108647709644329,0.5794216918945313,0.4399418008327484,0.05736561142147736,4.517358326435089,0.9335460995525287,10.736888888888888,0.014735096061382654,0.9303002461821097,900,929,1.0,1.0322222222222222,0.03222222222222222,0.6523143164693218,0.5549401044845581,0.6700214530146665,0.08361658966940455,11.802966117858887
Persistent drop,2,20262839,0.4355555555555556,0.2962222222222222,0.26822222222222225,0.7037777777777778,0.5644444444444444,0.563157262975891,0.3604444444444445,0.6264217363776132,0.08927462120379932,0.9898472625897446,0.10886369142343214,0.41024257965844463,0.5557946920394897,0.43597315907478335,0.05709248913718188,4.455358567661708,0.9249343312191454,10.809333333333331,0.013523603861282374,0.9309515924950336,900,922,1.0,1.0244444444444445,0.024444444444444446,0.6420824295010846,0.5509834885597229,0.6345799898071707,0.08630277418565235,12.060636043548584
Persistent drop,3,20263848,0.4415555555555556,0.2951111111111111,0.26333333333333336,0.7048888888888888,0.5584444444444444,0.5760237529420452,0.38955555555555554,0.6472460285220489,0.0780161975869358,0.9911638136309682,0.10462737394603376,0.41001402520264335,0.5684733939170837,0.43576255679130554,0.057484792054624465,4.48383482948939,0.9322702154505549,10.626222222222223,0.013090267527288105,0.9293719217802934,900,927,1.0,1.03,0.03,0.6310679611650486,0.5510573387145996,0.6550958512584507,0.07547332444341426,10.955663681030273
Persistent drop,4,20264857,0.4571111111111111,0.28777777777777774,0.2551111111111111,0.7122222222222221,0.5428888888888889,0.5731138820676871,0.3846666666666667,0.6369775040817252,0.0865418582541431,0.9941732781864264,0.10721992261606612,0.41037813397774664,0.5626815319061279,0.4338609492778778,0.05691123525760397,4.419655829058753,0.935467190711452,10.571555555555555,0.014017671844656774,0.9281647227918027,900,920,1.0,1.0222222222222221,0.022222222222222223,0.6228260869565218,0.5459277629852295,0.6451037094558876,0.08361109002807243,11.370178699493408
Persistent drop,5,20265866,0.4522222222222222,0.29888888888888887,0.24888888888888885,0.7011111111111111,0.5477777777777778,0.5735218479361728,0.3928888888888889,0.6396317112545798,0.08598715842311982,0.9920885047701614,0.10765308156470889,0.41261840120134025,0.5637001085281372,0.4326531219482422,0.05721415270018622,4.430826086680095,0.9295548405385027,10.729333333333331,0.01354446875205102,0.9306366662275941,900,925,1.0,1.0277777777777777,0.027777777777777776,0.614054054054054,0.5463204383850098,0.647636004203039,0.08312195949852019,11.309640169143677
Persistent drop,6,20266875,0.4548888888888889,0.29488888888888887,0.25022222222222223,0.7051111111111109,0.5451111111111111,0.5755363333738681,0.4,0.6460286850627125,0.08633568236430028,0.9927007613521153,0.10832799324331546,0.4108848530438026,0.5674167609214783,0.4370488655567169,0.05685661080074489,4.447931501812405,0.9307843949267962,10.756888888888888,0.013977874062600714,0.9307495070607148,900,919,1.0,1.021111111111111,0.021111111111111112,0.6561479869423286,0.550755500793457,0.6539823886517089,0.08356132030572949,10.507611274719238
Persistent drop,7,20267884,0.45088888888888884,0.28288888888888886,0.26622222222222225,0.7171111111111113,0.5491111111111112,0.5761127270910067,0.4002222222222222,0.6413784777858283,0.0899001611837404,0.9914515585921484,0.10899513467041938,0.410334057246145,0.5660623288154603,0.4365970718860626,0.05695096213531969,4.450744478225708,0.9380035780215392,10.593777777777778,0.013975007310492312,0.9298412545517644,900,918,1.0,1.02,0.02,0.6339869281045751,0.5503920912742615,0.6494312678188533,0.08688091099971884,10.295971155166626
Persistent drop,8,20268893,0.4631111111111111,0.27555555555555555,0.2613333333333333,0.7244444444444443,0.5368888888888889,0.5780999991216109,0.4013333333333333,0.6434997475216782,0.08712902310752907,0.9914186213148372,0.10714071811512813,0.41197662606538293,0.567107355594635,0.4339082479476929,0.057608938547486034,4.474384464899699,0.9322433255777584,10.586666666666666,0.013973043635056463,0.9323502106824233,900,932,1.0,1.0355555555555556,0.035555555555555556,0.6158798283261803,0.5488340258598328,0.6515838409624465,0.08423156242835139,10.408033609390259
Persistent drop,9,20269902,0.42733333333333334,0.29377777777777775,0.2788888888888889,0.7062222222222222,0.5726666666666667,0.5766340610691695,0.3968888888888889,0.6488231519670811,0.07773520913070125,0.990699249314564,0.10609569713937317,0.41197867033861063,0.5687079238891601,0.4352751326560974,0.057072625698324025,4.446722876177894,0.9389630377691841,10.663555555555556,0.012845953765836167,0.9348351631955062,900,921,1.0,1.0233333333333334,0.023333333333333334,0.6210640608034745,0.5498554706573486,0.6566239226582288,0.07531817324679824,11.091902017593384
Persistent drop,10,20270911,0.44733333333333336,0.2995555555555556,0.2531111111111111,0.7004444444444444,0.5526666666666666,0.5626768170489247,0.3606666666666667,0.6277691943392292,0.0778777791314869,0.9889877783123162,0.10803076292207905,0.4113285014225373,0.5567825174331665,0.4388033103942871,0.05684916201117319,4.4652331208652924,0.9359243885282775,10.633333333333333,0.01169355096769807,0.9289737531916981,900,917,1.0,1.018888888888889,0.01888888888888889,0.6455834242093784,0.5546082854270935,0.6357197966492241,0.07549216232100542,10.180532693862915
Persistent drop,11,20271920,0.4511111111111111,0.3073333333333333,0.24155555555555558,0.6926666666666667,0.5488888888888889,0.5818990862189087,0.41266666666666657,0.6515059045626599,0.08595523149518566,0.9911290587231625,0.10641420242677847,0.4121934544316175,0.570164315700531,0.43444210290908813,0.05721911855990069,4.449501431836023,0.9215046333419175,10.677333333333333,0.013657303238592157,0.9321586042061145,900,925,1.0,1.0277777777777777,0.027777777777777776,0.6389189189189189,0.5484080910682678,0.6594349849247725,0.08324224135008595,10.095905542373657
Persistent drop,12,20272929,0.4426666666666667,0.29733333333333334,0.26,0.7026666666666666,0.5573333333333332,0.5836849302824831,0.4162222222222222,0.6525389289911646,0.0776297367478615,0.9887274739981833,0.10377562720706593,0.4089271842992951,0.5721904873847962,0.43473483324050904,0.057278708876474245,4.457228337976668,0.925876214839203,10.625777777777776,0.013846488082564673,0.9307134815825802,900,924,1.0,1.0266666666666666,0.02666666666666667,0.6298701298701299,0.5489266514778137,0.6604034836355355,0.07503985107991107,10.324343919754028
Persistent drop,13,20273938,0.4493333333333333,0.2977777777777778,0.2528888888888889,0.7022222222222222,0.5506666666666667,0.577935896284047,0.3986666666666666,0.6462944158483168,0.08263353489804694,0.9925757738052807,0.10571573553918304,0.4114768800624077,0.5673092579841614,0.43765155792236327,0.05757914338919926,4.510585458490584,0.9310119251450288,10.584000000000001,0.01341671890885056,0.9291104422914985,900,930,1.0,1.0333333333333334,0.03333333333333333,0.6526881720430108,0.5540245175361633,0.6542620394461283,0.07995867988437566,10.263763189315796
Persistent drop,14,20274947,0.4602222222222222,0.2846666666666667,0.25511111111111107,0.7153333333333333,0.5397777777777778,0.5804922651307693,0.4031111111111112,0.6517763013882177,0.08218596869416697,0.9911408000238009,0.10464027131360887,0.4114862475082488,0.5705311512947082,0.43258380055427553,0.05682433271260087,4.399960024992625,0.9280688654094856,10.544444444444444,0.013307887780355396,0.932683308758122,900,920,1.0,1.0222222222222221,0.022222222222222223,0.6086956521739131,0.544682502746582,0.6597028164535191,0.07961157476143077,9.89754343032837
Persistent drop,15,20275956,0.4302222222222222,0.30911111111111106,0.26066666666666666,0.6908888888888888,0.5697777777777778,0.5740087587746855,0.39044444444444454,0.6409700241339157,0.07828064215270768,0.9893669771911153,0.1055839389103401,0.41329247214062503,0.5647027015686035,0.4362554156780243,0.05684419615145873,4.438886724207136,0.9239075464972916,10.600888888888889,0.012391082572425518,0.9305720473792701,900,917,1.0,1.018888888888889,0.01888888888888889,0.6412213740458015,0.5505538582801819,0.6487586537647752,0.07589435685562895,10.460566282272339
Persistent drop,16,20276965,0.45733333333333337,0.2962222222222222,0.24644444444444447,0.7037777777777778,0.5426666666666666,0.5786926952838588,0.40488888888888885,0.6459778518309826,0.0811101761435434,0.9907393200048067,0.10454649894637362,0.4108901374262266,0.5696783924102783,0.43364734053611753,0.056943513345747994,4.420069202211168,0.9393484901373332,10.534222222222223,0.013334869733559344,0.9274850808764064,900,919,1.0,1.021111111111111,0.021111111111111112,0.6387377584330794,0.54668790102005,0.6539033807272954,0.07855354444658125,9.946314573287964
Persistent drop,17,20277974,0.4451111111111111,0.29777777777777775,0.2571111111111111,0.7022222222222222,0.5548888888888889,0.5705131770314821,0.3762222222222222,0.6357801031052118,0.07757352789831788,0.9893567088676646,0.1041084671548839,0.41125542697384626,0.5624722695350647,0.4334066116809845,0.05705276225946618,4.426097467475468,0.9291090950076394,10.746222222222222,0.01227075137665837,0.9342892753709282,900,920,1.0,1.0222222222222221,0.022222222222222223,0.6369565217391304,0.5481071472167969,0.6436910614379626,0.07506656359791619,9.89306640625
Persistent drop,18,20278983,0.44444444444444436,0.29133333333333333,0.2642222222222222,0.7086666666666666,0.5555555555555556,0.5800079638584148,0.4122222222222222,0.6478599002857004,0.08827337259827449,0.991546183975517,0.10722707400579846,0.41152346591000066,0.569307963848114,0.43601824283599855,0.057482309124767234,4.48627603758706,0.9341280392587318,10.544888888888888,0.013606299127127049,0.9297719160872142,900,927,1.0,1.03,0.03,0.6558791801510249,0.5513353943824768,0.6557544876763605,0.08543351296509871,10.085405111312866
Persistent drop,19,20279992,0.4468888888888889,0.2891111111111111,0.264,0.7108888888888889,0.5531111111111111,0.5738297741575968,0.3815555555555556,0.6400700484662898,0.08746106213104739,0.990885096193996,0.10728943190645683,0.41116629471330013,0.5627725672721863,0.4358727991580963,0.05719925512104283,4.462634961658053,0.9301990840125021,10.673333333333332,0.013898184204611107,0.9323268015445244,900,924,1.0,1.0266666666666666,0.02666666666666667,0.6406926406926406,0.5502431392669678,0.6480974220697157,0.08459142027798117,9.98211669921875
Persistent drop,20,20281001,0.45333333333333337,0.29688888888888887,0.24977777777777777,0.703111111111111,0.5466666666666666,0.5750585958304868,0.3837777777777778,0.644258917383604,0.0791205518304518,0.990598859397407,0.10243811591215522,0.41131104775391875,0.5652215600013732,0.43688590049743653,0.0568814400993172,4.448209064589607,0.929112802441884,10.579555555555554,0.012563275403762359,0.9311339496649702,900,919,1.0,1.021111111111111,0.021111111111111112,0.6452665941240479,0.551608681678772,0.6521218571498943,0.07646551633417453,9.745293140411377
Persistent drop,21,20282010,0.4613333333333333,0.29177777777777775,0.2468888888888889,0.7082222222222222,0.5386666666666666,0.589054737001857,0.4293333333333333,0.6587236600693669,0.08486669788579893,0.9923782652647679,0.10342786478527657,0.4094161249501881,0.5771903991699219,0.4355948221683502,0.056871508379888275,4.434294390307532,0.9307511107094711,10.531555555555556,0.014357433795435555,0.9308193470700854,900,918,1.0,1.02,0.02,0.6546840958605664,0.5479299426078796,0.6666160417586435,0.08207742386455652,10.817344903945923
Persistent drop,22,20283019,0.4402222222222222,0.3028888888888889,0.2568888888888889,0.6971111111111111,0.5597777777777778,0.5790535634645471,0.40511111111111114,0.6476488849205861,0.08366997784603455,0.991315546167761,0.10646880269037577,0.4113709590857336,0.5693432474136353,0.43788749814033506,0.05702793296089387,4.469892943965065,0.9339127664348787,10.704888888888888,0.013549207147352993,0.9319476015947724,900,921,1.0,1.0233333333333334,0.023333333333333334,0.6503800217155266,0.5526276230812073,0.6555155758739413,0.08097886121717535,10.20335340499878
Persistent drop,23,20284028,0.45488888888888895,0.2991111111111111,0.24600000000000002,0.700888888888889,0.5451111111111111,0.5860944151547929,0.41511111111111104,0.6573421468554013,0.07881049001431883,0.9919470236063687,0.10335111681398523,0.4101352416183143,0.5739258646965026,0.42764006853103637,0.05787957790192427,4.4304407202402745,0.9223933762935863,10.759555555555558,0.013242022310615133,0.9285586889813314,900,935,1.0,1.038888888888889,0.03888888888888889,0.5786096256684492,0.5413119792938232,0.6651215951594799,0.07626796016061954,10.267029047012329
Persistent drop,24,20285037,0.446,0.29822222222222217,0.25577777777777777,0.7017777777777777,0.5539999999999999,0.5802156734574974,0.3902222222222222,0.650588283805072,0.07731744943846622,0.9913899037991821,0.10233919079236095,0.4118182764862564,0.5711030912399292,0.43431915521621706,0.05723153320918684,4.449271049923367,0.9256771816803478,10.62711111111111,0.01348600720285815,0.9280375746452946,900,924,1.0,1.0266666666666666,0.02666666666666667,0.6277056277056277,0.5479711294174194,0.6584638985444552,0.07483154885546894,10.402647972106934
Persistent drop,25,20286046,0.44800000000000006,0.29600000000000004,0.256,0.704,0.5519999999999999,0.5797625963373705,0.40577777777777785,0.6510578859977153,0.07822817281527301,0.9902164159792324,0.103578740316153,0.4125915875094647,0.5705924153327941,0.432792603969574,0.05736312849162012,4.443822157965766,0.9353692181855082,10.676444444444444,0.013676656091993165,0.931047943240485,900,926,1.0,1.028888888888889,0.028888888888888888,0.6252699784017278,0.5469761490821838,0.6590332812909515,0.07568747187794767,10.237414121627808
Persistent drop,26,20287055,0.44333333333333336,0.2975555555555555,0.2591111111111111,0.7024444444444445,0.5566666666666666,0.5822268740277301,0.40577777777777774,0.652395425722198,0.08043267610668044,0.9911255864974481,0.10409030591499695,0.41010154989253117,0.5715053844451904,0.44247232913970946,0.05682929857231534,4.500919209639232,0.9334143196204592,10.593777777777778,0.013674393710265565,0.9323141053055416,900,918,1.0,1.02,0.02,0.6742919389978214,0.5571997165679932,0.6602969043792585,0.07782241478463248,10.365574359893799
Persistent drop,27,20288064,0.4524444444444444,0.29377777777777775,0.25377777777777777,0.7062222222222222,0.5475555555555556,0.5807176587442864,0.40888888888888886,0.6512695475453424,0.08403735343731697,0.9877174505801123,0.10793484888533293,0.4102547235305177,0.571546151638031,0.43698980689048766,0.05700062073246431,4.458626819451649,0.9350556417573851,10.592888888888888,0.013930475933310888,0.93403100951728,900,920,1.0,1.0222222222222221,0.022222222222222223,0.6521739130434783,0.5504842400550842,0.6592881936374866,0.08123822021905891,10.67625379562378
Persistent drop,28,20289073,0.45,0.30377777777777776,0.2462222222222222,0.6962222222222222,0.55,0.5760273231051065,0.39599999999999996,0.6410449414778442,0.08837292911636521,0.992920902538359,0.10856138892533636,0.40953644669053396,0.5640798115730286,0.4378734374046326,0.05686654252017381,4.457075357172224,0.9308844943366605,10.518222222222223,0.013640668336677389,0.9300834938186984,900,920,1.0,1.0222222222222221,0.022222222222222223,0.6423913043478261,0.5519148707389832,0.6490514966524118,0.08547820779716697,10.31511926651001
Persistent drop,29,20290082,0.45444444444444443,0.2884444444444444,0.25711111111111107,0.7115555555555556,0.5455555555555555,0.5714804785841597,0.37777777777777777,0.6387284109935288,0.07720211805211713,0.9922582559649541,0.10458894592872342,0.41109213644637727,0.5624901556968689,0.43782732367515564,0.056901303538175046,4.459392873870002,0.9349407724988178,10.573333333333334,0.012447575682962357,0.9283109263555173,900,917,1.0,1.018888888888889,0.01888888888888889,0.6335877862595419,0.5525341033935547,0.6466662131655629,0.07467332206197175,10.292039632797241
