replication,task_type,mode,mean_quality,mean_support_gain,success_rate,mean_difficulty,mean_solo_quality,n_events
0,Contextual,AI-first,0.5426055883869443,0.010059268965225823,0.2940627914205782,0.5783634066156644,0.5325463194217185,3217
0,Contextual,Hybrid,0.537318841049246,0.01154996541682692,0.2731936725096195,0.5782236885966971,0.525768875632419,2339
0,Contextual,Peer-first,0.5518310564265617,0.015337486449774689,0.3065442020665901,0.5824631277328625,0.536493569976787,3484
0,Integrative,AI-first,0.5495759911822184,0.022090122514986318,0.3226735811005474,0.5795875830356124,0.5274858686672321,3471
0,Integrative,Hybrid,0.5453262614218825,0.017647201811664775,0.3107173725151253,0.5816199593680962,0.5276790596102177,2314
0,Integrative,Peer-first,0.5550146939321711,0.015091685034480088,0.33209417596034696,0.5776339267742024,0.539923008897691,3228
0,Structured,AI-first,0.5724929108768413,0.03343298735885566,0.41688424717145345,0.5809426607622922,0.5390599235179857,3447
0,Structured,Hybrid,0.5575054883035107,0.027116110254462547,0.38776389487289964,0.5764869815502545,0.5303893780490481,2321
0,Structured,Peer-first,0.5623934243601456,0.014031389155484074,0.40327146901541366,0.5794207947397757,0.5483620352046615,3179
1,Contextual,AI-first,0.5497120766069341,0.008265877838650992,0.30292322518470927,0.578195471047464,0.5414461987682831,3113
1,Contextual,Hybrid,0.5517391078121667,0.009331307135264921,0.31090987494609745,0.5835476314145368,0.5424078006769018,2319
1,Contextual,Peer-first,0.5695325831501427,0.014759506845877015,0.346031746031746,0.5816827414617948,0.5547730763042658,3465
1,Integrative,AI-first,0.557077045969355,0.018741447409024597,0.3404514948139109,0.5806164484597983,0.5383355985603304,3278
1,Integrative,Hybrid,0.5613501031713566,0.015325860912053286,0.3581110625273284,0.5798326911893658,0.5460242422593033,2287
1,Integrative,Peer-first,0.5671949862274918,0.01424232165002206,0.37439954789488555,0.5827170995962861,0.5529526645774696,3539
1,Structured,AI-first,0.5767208305791195,0.0331652654983815,0.4279622296679866,0.5819181593664002,0.5435555650807381,3283
1,Structured,Hybrid,0.5749092146194777,0.022983218632212803,0.4254754533392304,0.5776597297538696,0.5519259959872649,2261
1,Structured,Peer-first,0.5752472416992273,0.01512115784957337,0.44138929088277856,0.5752082587094609,0.5601260838496538,3455
2,Contextual,AI-first,0.5222031671646358,0.013452421522857048,0.23462346234623463,0.5848701169666047,0.5087507456417787,3333
2,Contextual,Hybrid,0.525525191522653,0.014115300176445047,0.2534843205574913,0.578997660573451,0.5114098913462078,2296
2,Contextual,Peer-first,0.534761872617087,0.01419880332869011,0.2808446455505279,0.5802524082471795,0.5205630692883968,3315
2,Integrative,AI-first,0.536754662274366,0.026380967354615724,0.28145304193738924,0.5800933668690672,0.5103736949197502,3386
2,Integrative,Hybrid,0.5333338480385855,0.018600857222063675,0.2824858757062147,0.5782836432198423,0.5147329908165218,2301
2,Integrative,Peer-first,0.5339314882662514,0.014129763955552708,0.2982028632348462,0.5793271613707642,0.5198017243106986,3283
2,Structured,AI-first,0.5592476270838151,0.03879831995436734,0.3802112284602557,0.5785773877436832,0.5204493071294477,3598
2,Structured,Hybrid,0.5472654319063678,0.02918498985373637,0.3492407809110629,0.5786961443149656,0.5180804420526313,2305
2,Structured,Peer-first,0.5413073151845416,0.014237391267693581,0.3459000942507069,0.5803912074577334,0.527069923916848,3183
3,Contextual,AI-first,0.5381818425803523,0.008459746984562694,0.2721875,0.5794709937894362,0.5297220955957895,3200
3,Contextual,Hybrid,0.5369261660012792,0.009778190232491246,0.2628091872791519,0.5789829551346776,0.527147975768788,2264
3,Contextual,Peer-first,0.5472916400898309,0.014335464779253593,0.28278805120910383,0.5819221992386079,0.5329561753105773,3515
3,Integrative,AI-first,0.550799952390541,0.020017954036264784,0.32133131618759453,0.5790644985020674,0.5307819983542763,3305
3,Integrative,Hybrid,0.5457566365853738,0.016170563063775397,0.30856149500217295,0.5822181792297831,0.5295860735215984,2301
3,Integrative,Peer-first,0.5548370684971222,0.01463794598254133,0.3311802701115678,0.5801745941140908,0.5401991225145809,3406
3,Structured,AI-first,0.5720895184826044,0.02987740458142252,0.4201850780798149,0.5796431730397584,0.5422121139011818,3458
3,Structured,Hybrid,0.5610606275687797,0.0235626093059582,0.3912087912087912,0.5816855337224387,0.5374980182628215,2275
3,Structured,Peer-first,0.5596206467325985,0.0143084911492705,0.38461538461538464,0.5819169639958467,0.545312155583328,3276
4,Contextual,AI-first,0.5328560786186304,0.011453208382876664,0.25973217066334475,0.5822004869100312,0.5214028702357538,3211
4,Contextual,Hybrid,0.5321201568833901,0.011232147544286504,0.2560106856634016,0.5797493197020834,0.5208880093391036,2246
4,Contextual,Peer-first,0.5460791515677696,0.015781489398779266,0.3007900677200903,0.579361281849666,0.5302976621689904,3544
4,Integrative,AI-first,0.5422840844467152,0.02237322057692236,0.2932577565632458,0.5831333898315364,0.5199108638697928,3352
4,Integrative,Hybrid,0.5378512950079036,0.01860676848075069,0.29568251199302226,0.5839381344261195,0.5192445265271529,2293
4,Integrative,Peer-first,0.548528368013784,0.014231854789425328,0.3343903142115884,0.5778039416674148,0.5342965132243588,3469
4,Structured,AI-first,0.5676110371589991,0.03433506932479728,0.4103911266783421,0.5797678596229447,0.5332759678342018,3426
4,Structured,Hybrid,0.5546247489861033,0.025599090796675803,0.37805983680870353,0.5784433244459213,0.5290256581894276,2206
4,Structured,Peer-first,0.5563081646560323,0.016496085575232463,0.38794958499846294,0.5808949561269949,0.5398120790807999,3253
5,Contextual,AI-first,0.5314392242393606,0.011832505664226858,0.2565789473684211,0.5783786964385099,0.5196067185751337,3192
5,Contextual,Hybrid,0.5307756827344322,0.01075736169560999,0.264820424058849,0.5818890264287829,0.5200183210388223,2311
5,Contextual,Peer-first,0.5438138191388575,0.014326569577682647,0.29416761041902606,0.5796090135844122,0.5294872495611749,3532
5,Integrative,AI-first,0.5413045498367,0.02250316815605165,0.2878742062292108,0.5839413311410647,0.5188013816806483,3307
5,Integrative,Hybrid,0.544671569665275,0.01667199213526499,0.31252747252747254,0.5770666023275365,0.52799957753001,2275
5,Integrative,Peer-first,0.5488206079231365,0.013821719139993152,0.3167249417249417,0.5807645586004921,0.5349988887831433,3432
5,Structured,AI-first,0.56783913235299,0.033791463848845585,0.4066705675833821,0.5812581458342064,0.5340476685041444,3418
5,Structured,Hybrid,0.5575798062028833,0.025402598844980456,0.38414634146341464,0.5829978393149737,0.5321772073579029,2296
5,Structured,Peer-first,0.561474013199986,0.01527141449498282,0.4028421377818968,0.5810333816986588,0.5462025987050031,3237
6,Contextual,AI-first,0.5404738922050231,0.00990472205421032,0.28592995169082125,0.574376233805503,0.5305691701508127,3312
6,Contextual,Hybrid,0.5410369750203455,0.01029768559198905,0.28008474576271186,0.5818454318160996,0.5307392894283566,2360
6,Contextual,Peer-first,0.5565794339692645,0.014945315869526488,0.32951289398280803,0.5774302101403272,0.5416341180997379,3490
6,Integrative,AI-first,0.5491684791229158,0.02080083359834571,0.3196969696969697,0.5785329935002854,0.52836764552457,3300
6,Integrative,Hybrid,0.547627515423284,0.017276234042288136,0.32661113546690046,0.5771749460241534,0.530351281380996,2281
6,Integrative,Peer-first,0.5502195712071085,0.014736391577149453,0.330188679245283,0.5834373495590577,0.5354831796299591,3286
6,Structured,AI-first,0.5657124602748299,0.033985844971895024,0.3941541186891054,0.5810165291298335,0.531726615302935,3387
6,Structured,Hybrid,0.5580592246514959,0.024471038547763006,0.3777490297542044,0.5805302544302361,0.5335881861037329,2319
6,Structured,Peer-first,0.5581410724096936,0.014247176021778664,0.3901990811638591,0.5804376553592117,0.543893896387915,3265
7,Contextual,AI-first,0.5317442305638331,0.011089139193467875,0.2554498004298434,0.5827052752010429,0.5206550913703653,3257
7,Contextual,Hybrid,0.5345368719715753,0.011411099826867313,0.27467248908296943,0.5778682473753393,0.523125772144708,2290
7,Contextual,Peer-first,0.5513268302192272,0.015019419667342264,0.3221223543055958,0.5785779056626092,0.536307410551885,3449
7,Integrative,AI-first,0.5423924201769039,0.022773501031796664,0.2996632996632997,0.5807558216267005,0.5196189191451073,3267
7,Integrative,Hybrid,0.5434506390734725,0.018370304002836478,0.30082716586852415,0.5848202081045432,0.525080335070636,2297
7,Integrative,Peer-first,0.5505826500467738,0.014572124609637985,0.3339212228101117,0.5803300484744376,0.5360105254371358,3402
7,Structured,AI-first,0.5656151127346397,0.03314624959980199,0.4062219563266527,0.5827960987637641,0.5324688631348377,3343
7,Structured,Hybrid,0.556708431042602,0.024912111477100658,0.3653198653198653,0.5800813606892455,0.5317963195655013,2376
7,Structured,Peer-first,0.5575505661220386,0.013473962739002684,0.38053630611630007,0.5872800885395825,0.5440766033830359,3319
8,Contextual,AI-first,0.5348293704375015,0.011186105446261774,0.25225786359389596,0.5840151568064195,0.5236432649912397,3211
8,Contextual,Hybrid,0.5381696774492221,0.012082806699050527,0.2750766535260622,0.5806097527004607,0.5260868707501715,2283
8,Contextual,Peer-first,0.5566909476276356,0.015480995179087253,0.33564213564213563,0.5762647056963839,0.5412099524485483,3465
8,Integrative,AI-first,0.5474115151169552,0.022014384433512942,0.3037747153984422,0.5801259457463028,0.5253971306834423,3338
8,Integrative,Hybrid,0.5438290392800951,0.020187072383396253,0.31089882761615284,0.5805999647302558,0.5236419668966988,2303
8,Integrative,Peer-first,0.5511662600055233,0.016023514765715213,0.3362496354622339,0.5807269024847843,0.535142745239808,3429
8,Structured,AI-first,0.5686515315473671,0.03456650839747132,0.41732513901082824,0.5787806126817483,0.5340850231498958,3417
8,Structured,Hybrid,0.5568944973762251,0.024434454673178816,0.3852716659182757,0.5802378922971845,0.5324600427030463,2227
8,Structured,Peer-first,0.5640808223341647,0.014007816849067472,0.40817553351367597,0.5782824480175742,0.5500730054850972,3327
9,Contextual,AI-first,0.5430046287185045,0.008135244377040487,0.28264162375037866,0.5781982800318534,0.534869384341464,3301
9,Contextual,Hybrid,0.5392865804242729,0.010718784184167749,0.272264631043257,0.5798385763289395,0.5285677962401052,2358
9,Contextual,Peer-first,0.5572691629705147,0.015024569470478082,0.3298368298368298,0.5768412447746437,0.5422445935000365,3432
9,Integrative,AI-first,0.5550203556261367,0.018690366896164195,0.33462918660287083,0.5792308214491966,0.5363299887299726,3344
9,Integrative,Hybrid,0.5440807180949045,0.015999513905128958,0.3094804010938924,0.5774118875307198,0.5280812041897756,2194
9,Integrative,Peer-first,0.5524007614875709,0.014050748403313442,0.3231312536786345,0.5834218482984405,0.5383500130842576,3398
9,Structured,AI-first,0.5693186247996641,0.03206325953849633,0.4110535405872193,0.58292270221041,0.5372553652611678,3474
9,Structured,Hybrid,0.5603783381387957,0.023114255651910404,0.38370565045992117,0.5789315578295577,0.5372640824868853,2283
9,Structured,Peer-first,0.5598139557557649,0.014885850353802457,0.39210199004975127,0.5811339961789482,0.5449281054019625,3216
10,Contextual,AI-first,0.5225434718922152,0.014727416073425245,0.23365354818717074,0.583827304912179,0.50781605581879,3227
10,Contextual,Hybrid,0.5203607009770658,0.010521672897293128,0.22569879015435962,0.5818383427219319,0.5098390280797727,2397
10,Contextual,Peer-first,0.533342829848752,0.013685965586078179,0.2576560659599529,0.5800926217610988,0.5196568642626739,3396
10,Integrative,AI-first,0.539330928759184,0.02445258595441206,0.2873263888888889,0.5800261466269111,0.5148783428047718,3456
10,Integrative,Hybrid,0.5361982410887106,0.019530666462439325,0.2786242925555072,0.5749826748990842,0.5166675746262712,2297
10,Integrative,Peer-first,0.5385198474651618,0.014157843129112757,0.29945054945054944,0.5751290927522908,0.524362004336049,3276
10,Structured,AI-first,0.5563452939157474,0.03867755190089059,0.3641903656413233,0.5816867101637292,0.5176677420148569,3446
10,Structured,Hybrid,0.5491126252990524,0.027652301778985977,0.3475795900566943,0.5772531161375264,0.5214603235200664,2293
10,Structured,Peer-first,0.5438309171024442,0.012400020164466985,0.33872976338729766,0.581583353748729,0.5314308969379773,3212
11,Contextual,AI-first,0.5419563147458799,0.007895643926389298,0.2799746915533059,0.5828158632816544,0.5340606708194906,3161
11,Contextual,Hybrid,0.5421402818938761,0.009780430847017015,0.2843352347520842,0.579283586031045,0.532359851046859,2279
11,Contextual,Peer-first,0.5608125251281307,0.014748494850618644,0.34196891191709844,0.5761651046813268,0.5460640302775122,3474
11,Integrative,AI-first,0.5491778511733276,0.02012351149450196,0.3136553369111509,0.5863015256299605,0.5290543396788255,3354
11,Integrative,Hybrid,0.54848146098133,0.016625326836048185,0.32404629232747534,0.5759130030182044,0.5318561341452818,2333
11,Integrative,Peer-first,0.5613292260243897,0.015065659445731462,0.3588673621460507,0.5774008171139781,0.5462635665786583,3355
11,Structured,AI-first,0.5713379859232893,0.034176486704058484,0.4184845005740528,0.5805313551679463,0.5371614992192308,3484
11,Structured,Hybrid,0.5598751804912582,0.02409493416572785,0.3839718185821224,0.5835774532494464,0.5357802463255303,2271
11,Structured,Peer-first,0.5641178663429225,0.014820815230103989,0.4086348434174521,0.5794893725840773,0.5492970511128185,3289
12,Contextual,AI-first,0.5456259128419442,0.009153918022136878,0.2882136279926335,0.5775976606248309,0.5364719948198073,3258
12,Contextual,Hybrid,0.5434266529861311,0.008505873918789215,0.2847826086956522,0.5798090378665763,0.5349207790673419,2300
12,Contextual,Peer-first,0.557084426382557,0.015046941936258999,0.3190005810575247,0.5821679932860387,0.542037484446298,3442
12,Integrative,AI-first,0.5554548291109944,0.019372269607335346,0.33715925394548063,0.5761341170869348,0.536082559503659,3485
12,Integrative,Hybrid,0.5500542282192852,0.015802193989765987,0.32375055285272003,0.5798142673783261,0.5342520342295193,2261
12,Integrative,Peer-first,0.5589841610621713,0.014531915174052584,0.3497401406297768,0.5800229255003584,0.5444522458881187,3271
12,Structured,AI-first,0.5795337326210107,0.03104032012804219,0.43907439953134153,0.5767527876734742,0.5484934124929685,3414
12,Structured,Hybrid,0.5687031937284884,0.022914563138846666,0.41284796573875804,0.5742529867884913,0.5457886305896419,2335
12,Structured,Peer-first,0.563790559215758,0.01512832182615073,0.40847247990105134,0.5793666070505252,0.5486622373896073,3234
13,Contextual,AI-first,0.5363716581616558,0.011165884203823664,0.2598159509202454,0.5799507228228816,0.5252057739578321,3260
13,Contextual,Hybrid,0.5344106241396256,0.011197187321694122,0.2585601404741001,0.5810973109495985,0.5232134368179315,2278
13,Contextual,Peer-first,0.5546216636451456,0.014038185425438946,0.30977312390924955,0.5797883350143314,0.5405834782197068,3438
13,Integrative,AI-first,0.5520714574091569,0.02151041006987606,0.31932021466905186,0.5777314035082113,0.5305610473392808,3354
13,Integrative,Hybrid,0.545898027031696,0.01813216431251728,0.3017009847806625,0.5815355880487262,0.5277658627191787,2234
13,Integrative,Peer-first,0.5526322882958264,0.013523797112137779,0.33752191700759787,0.5819566417819417,0.5391084911836886,3422
13,Structured,AI-first,0.5705104698813879,0.036223582130930305,0.4162582876909772,0.5760529218459847,0.5342868877504576,3469
13,Structured,Hybrid,0.5600690597942637,0.025778122026257327,0.38494997825141364,0.5795732081146339,0.5342909377680064,2299
13,Structured,Peer-first,0.5638816848519014,0.014640529789453469,0.4097350585335798,0.5763799617770349,0.5492411550624479,3246
14,Contextual,AI-first,0.5406732554665339,0.007918455117527845,0.28089191700216787,0.5807586169491249,0.532754800349006,3229
14,Contextual,Hybrid,0.5434212245338526,0.00995236163603291,0.2796312554872695,0.5808996136337603,0.5334688628978197,2278
14,Contextual,Peer-first,0.5601553661134216,0.013501572526994183,0.32927191679049034,0.5778670334772693,0.5466537935864275,3365
14,Integrative,AI-first,0.5525667295591875,0.020436250297530382,0.3263888888888889,0.5798351551695978,0.5321304792616571,3312
14,Integrative,Hybrid,0.5534883205282202,0.015416900478234146,0.320682302771855,0.5747465169690531,0.538071420049986,2345
14,Integrative,Peer-first,0.5587463425889205,0.014280264533474312,0.351681047307349,0.5822370025505907,0.5444660780554462,3361
14,Structured,AI-first,0.5701708008507888,0.03364254034366372,0.4069634703196347,0.5799620311949517,0.5365282605071251,3504
14,Structured,Hybrid,0.5596173643898033,0.024586034572063712,0.39300937766410915,0.5803053640499277,0.5350313298177396,2346
14,Structured,Peer-first,0.5603052190080458,0.014199247583860422,0.3904907975460123,0.5825287927512223,0.5461059714241854,3260
15,Contextual,AI-first,0.5383951501911187,0.0094534007679152,0.2726190476190476,0.5776649815596263,0.5289417494232036,3360
15,Contextual,Hybrid,0.537769982031129,0.01125121916779524,0.2796868203566768,0.5782095156370013,0.5265187628633338,2299
15,Contextual,Peer-first,0.5482417585921503,0.01454012190273902,0.294953596287703,0.579581652603696,0.5337016366894113,3448
15,Integrative,AI-first,0.5495675080552016,0.021702841472230984,0.31850961538461536,0.5784848646511379,0.5278646665829707,3328
15,Integrative,Hybrid,0.5468658268492622,0.016950907594182937,0.305982905982906,0.5761072822523128,0.5299149192550792,2340
15,Integrative,Peer-first,0.5436662167002367,0.014459290372252862,0.3050265376209803,0.5838656855509625,0.5292069263279839,3203
15,Structured,AI-first,0.5688139260995099,0.034286805486826985,0.41519484160358844,0.5787252449041485,0.5345271206126828,3567
15,Structured,Hybrid,0.5603507127032269,0.023002847987321825,0.38514383855732076,0.5805441604203678,0.537347864715905,2329
15,Structured,Peer-first,0.5566453148394549,0.014496931464806887,0.39955214331413946,0.5800617682373845,0.542148383374648,3126
16,Contextual,AI-first,0.5332325315380403,0.009936515505525156,0.255820985787723,0.577666517581882,0.5232960160325152,3307
16,Contextual,Hybrid,0.5394151140517539,0.00933567351994149,0.2708595387840671,0.5818644125168262,0.5300794405318124,2385
16,Contextual,Peer-first,0.5517635618454224,0.013658433139020114,0.3240506329113924,0.5788153573850479,0.5381051287064023,3555
16,Integrative,AI-first,0.5474757465294604,0.020384381538935646,0.3082338536883991,0.5830729114739517,0.5270913649905248,3267
16,Integrative,Hybrid,0.5448997056411107,0.015792807133783286,0.31171638564634674,0.5805881356805823,0.5291068985073274,2313
16,Integrative,Peer-first,0.5533617806555472,0.014881029196926724,0.34185022026431716,0.5801399211436213,0.5384807514586205,3405
16,Structured,AI-first,0.5720083233763208,0.030442349958759753,0.413855421686747,0.5811423536543238,0.5415659734175611,3320
16,Structured,Hybrid,0.5609973928287401,0.02185425678657609,0.3904977375565611,0.5809301330788877,0.539143136042164,2210
16,Structured,Peer-first,0.5666954347007759,0.013474967868706923,0.40395305744286597,0.5803617370998965,0.553220466832069,3238
17,Contextual,AI-first,0.5331117341744264,0.010612880222668599,0.2482922482922483,0.5788261873037981,0.5224988539517578,3367
17,Contextual,Hybrid,0.529465695206904,0.009178736639206311,0.2509669101847873,0.5816087941277153,0.5202869585676978,2327
17,Contextual,Peer-first,0.5387137603142954,0.01240342996066176,0.26454545454545453,0.5835596590706317,0.5263103303536336,3300
17,Integrative,AI-first,0.545200621469108,0.022117717904350517,0.30631152287203245,0.5782554311527962,0.5230829035647575,3454
17,Integrative,Hybrid,0.5379378723493494,0.0173784508313033,0.2758169934640523,0.5797897551129275,0.5205594215180461,2295
17,Integrative,Peer-first,0.5421406598757658,0.012421889016340861,0.3033052495139339,0.58388827078474,0.5297187708594249,3086
17,Structured,AI-first,0.5670631486148656,0.03491057539454191,0.4025481160206018,0.5771069943290591,0.5321525732203237,3689
17,Structured,Hybrid,0.5531334878039479,0.02497066445860596,0.36479367866549606,0.5823935253110841,0.5281628233453419,2278
17,Structured,Peer-first,0.5530599645767776,0.014531415917371976,0.38108614232209737,0.5775995688737566,0.5385285486594056,3204
18,Contextual,AI-first,0.5415071895538615,0.010504139240275394,0.2846153846153846,0.5810400513755105,0.5310030503135861,3250
18,Contextual,Hybrid,0.5401608768567566,0.011261196753092286,0.27392290249433104,0.58197092101141,0.5288996801036643,2205
18,Contextual,Peer-first,0.563990790440743,0.014587171706407746,0.3541196388261851,0.575574753497758,0.5494036187343353,3544
18,Integrative,AI-first,0.5510589401994428,0.022029200938971375,0.33038976857490865,0.5789659371233499,0.5290297392604714,3284
18,Integrative,Hybrid,0.5413042592441845,0.018372247650520975,0.3030696065715521,0.5830816326970406,0.5229320115936634,2313
18,Integrative,Peer-first,0.560319856106371,0.014265868362938453,0.362643847742697,0.5781522484703325,0.5460539877434325,3389
18,Structured,AI-first,0.5695573784323006,0.0352417917516603,0.4064004531294251,0.5823706095746798,0.5343155866806403,3531
18,Structured,Hybrid,0.5619722856071472,0.025344442010561664,0.3803191489361702,0.5799558831281432,0.5366278435965854,2256
18,Structured,Peer-first,0.5668437802824957,0.014613235514323707,0.41511771995043373,0.5776037190731876,0.552230544768172,3228
19,Contextual,AI-first,0.5385025498760307,0.010482745051373223,0.27714897522178034,0.5776816488117928,0.5280198048246575,3269
19,Contextual,Hybrid,0.5361040415100875,0.010026538413411574,0.27,0.5795892056543052,0.5260775030966759,2300
19,Contextual,Peer-first,0.5473445184480579,0.0165562573559189,0.2920850561134081,0.5838334128035781,0.5307882610921391,3386
19,Integrative,AI-first,0.5453270805299173,0.022423800614018996,0.31520141134960306,0.5784399419267691,0.5229032799158982,3401
19,Integrative,Hybrid,0.5425423015632936,0.01792526308747363,0.3016006739679865,0.5783945212104558,0.52461703847582,2374
19,Integrative,Peer-first,0.5454011174653829,0.014578121572985837,0.3100516246583662,0.583633692685011,0.530822995892397,3293
19,Structured,AI-first,0.5648298705067054,0.0362993289248507,0.3993834080717489,0.5812066972777703,0.5285305415818548,3568
19,Structured,Hybrid,0.547972408644971,0.025781518138012268,0.3372093023255814,0.5852905212022118,0.5221908905069588,2236
19,Structured,Peer-first,0.5535472897734425,0.015028305661330878,0.3791364639142767,0.5805817278476871,0.5385189841121116,3173
